INSERT INTO school_unit (school_name, principal, lib_manager_fn, lib_manager_ln, city, postal_code, email, phone_num) VALUES
('West High School', 'John Smith', 'Steve', 'Walker', 'Los Angeles', 90001, 'westhighschool@example.com', 1234567890);
INSERT INTO school_unit (school_name, principal, lib_manager_fn, lib_manager_ln, city, postal_code, email, phone_num) VALUES
('East High School', 'Jane Doe', 'Grace', 'Wright', 'New York City', 10001, 'easthighschool@example.com', 2345678901);
INSERT INTO school_unit (school_name, principal, lib_manager_fn, lib_manager_ln, city, postal_code, email, phone_num) VALUES 
('South High School', 'Bob Johnson', 'Joshua', 'Thompson', 'Chicago', 60601, 'southhighschool@example.com', 3456789012); 
INSERT INTO school_unit (school_name, principal, lib_manager_fn, lib_manager_ln, city, postal_code, email, phone_num) VALUES 
('North High School', 'Sarah Lee', 'Michael', 'Lee', 'Seattle', 98101, 'northhighschool@example.com', 4567890123);

INSERT INTO books (ISBN, image, title, languages, keywords, publisher, page_num, summary) VALUES
(9780743212005, 'https://m.media-amazon.com/images/I/515aGqeog7L.jpg', 'Before I Say Good-Bye', 'English', 'mystery, thriller', 'jrjrjrj', 352, 'A woman investigates her husband s death and uncovers a conspiracy');
INSERT INTO books (ISBN, image, title, languages, keywords, publisher, page_num, summary) VALUES
(9780451233497,  'https://m.media-amazon.com/images/I/91Gp8RqoN7L._AC_UY327_FMwebp_QL65_.jpg', 'The Rembrandt Affair', 'English', 'art, espionage, thriller', 'Penguin Group', 496, 'Gabriel Allon investigates the theft of a valuable painting');
INSERT INTO books (ISBN, image, title, languages, keywords, publisher, page_num, summary) VALUES
(9780553384117,  'https://m.media-amazon.com/images/I/91pIF5zxBVL._AC_UY327_FMwebp_QL65_.jpg', 'Kindred', 'English', 'Mystery', 'Random House', 264, 'A black woman in the 1970s is transported back to the antebellum South and must confront the harsh realities of slavery');
INSERT INTO books (ISBN, image, title, languages, keywords, publisher, page_num, summary) VALUES
(9780143134311, 'https://m.media-amazon.com/images/I/51FN+GL5eoL._AC_UY327_FMwebp_QL65_.jpg', 'L Écume des jours', 'French', 'Surrealism, Romance', 'Penguin Group', 288, 'L Écume des jours is a surrealistic novel that tells the story of a young couple, Colin and Chloe, and their journey through a fantastical and whimsical world. Filled with poetic language and imaginative scenarios, this novel explores themes of love, fate, and the fleeting nature of happiness in a unique and captivating way.');
INSERT INTO books (ISBN, image, title, languages, keywords, publisher, page_num, summary) VALUES
(9780525568820,  'https://m.media-amazon.com/images/I/91HSbnE-p3L._AC_UY327_FMwebp_QL65_.jpg', 'Begin Again', 'English', 'race, politics, history', 'Penguin Group', 272, 'A critical examination of James Baldwin s work and its relevance today');
INSERT INTO books (ISBN, image, title, languages, keywords, publisher, page_num, summary) VALUES
(9781984881369,  'https://m.media-amazon.com/images/I/71QChRvCECL._AC_UY327_FMwebp_QL65_.jpg', 'How to Avoid a Climate Disaster', 'English', 'climate change, energy', 'Knopf Doubleday Publishing Group', 272, 'Bill Gates offers practical solutions to combat climate change');
INSERT INTO books (ISBN, image, title, languages, keywords, publisher, page_num, summary) VALUES
(9781593279509,  'https://m.media-amazon.com/images/I/81HwgKQ39lS._AC_UY327_FMwebp_QL65_.jpg', 'Grokking Algorithms', 'English', 'algorithms, programming', 'No Starch Press', 256, 'An introduction to algorithms using real-world examples');
INSERT INTO books (ISBN, image, title, languages, keywords, publisher, page_num, summary) VALUES
(9780262539195,  'https://m.media-amazon.com/images/I/41fRAMCMu1L._SX218_BO1,204,203,200_QL40_FMwebp_.jpg', 'CS50 s Introduction to Computer Science', 'English', 'computer science, programming', 'The MIT Press', 720, 'A comprehensive introduction to computer science');
INSERT INTO books (ISBN, image, title, languages, keywords, publisher, page_num, summary) VALUES
(9781455586691,  'https://m.media-amazon.com/images/I/71x2bkrRRcL._AC_UY327_FMwebp_QL65_.jpg', 'Option B', 'English', 'grief, resilience, psychology', 'Penguin Group', 240, 'Sheryl Sandberg shares her experience of dealing with grief and building resilience');
INSERT INTO books (ISBN, image, title, languages, keywords, publisher, page_num, summary) VALUES
(9780743267808,  'https://m.media-amazon.com/images/I/715ybB9uPmL._AC_UY327_FMwebp_QL65_.jpg', 'Blink', 'English', 'psychology, decision making', 'Little, Brown and Company', 320, 'An exploration of the power of intuition and snap judgments');
INSERT INTO books (ISBN, image, title, languages, keywords, publisher, page_num, summary) VALUES
(1234567890,  'https://m.media-amazon.com/images/I/81tp41zDnBL._AC_UY327_FMwebp_QL65_.jpg','To Kill a Mockingbird', 'English', 'Racism, Coming of age', 'J. B. Lippincott & Co.', 281, 'Set in the fictional town of Maycomb, Alabama during the Great Depression, the novel centers on the trial of a black man, Tom Robinson, who is wrongly accused of rape.');
INSERT INTO books (ISBN, image, title, languages, keywords, publisher, page_num, summary) VALUES
(9876543210,  'https://m.media-amazon.com/images/I/71kxa1-0mfL._AC_UY327_FMwebp_QL65_.jpg', '1984', 'English', 'Totalitarianism, Dystopia', 'Secker & Warburg', 328, 'Set in a dystopian future where the government has complete control over every aspect of peoples lives, the novel follows the story of Winston Smith, a man who begins to rebel against the oppressive regime.');
INSERT INTO books (ISBN, image, title, languages, keywords, publisher, page_num, summary) VALUES
(9783161484100,  'https://m.media-amazon.com/images/I/61JOzayOGYL._AC_UY327_FMwebp_QL65_.jpg', 'Das Kapital', 'German', 'Economics, Capitalism, Labor Theory of Value', 'Verlag von Otto Meissner', 1152, 'Das Kapital, also known as Capital: Critique of Political Economy, is a foundational theoretical text in materialist philosophy, economics, and politics. It is divided into three parts, in which Marx discusses the concept of value, exploitation, and capitalist accumulation.');
INSERT INTO books (ISBN, image, title, languages, keywords, publisher, page_num, summary) VALUES
(9780521642586,  'https://m.media-amazon.com/images/I/A1xkFZX5k-L._AC_UY327_FMwebp_QL65_.jpg', 'A Brief History of Time', 'English', 'Cosmology, Astrophysics, Philosophy of Science', 'Bantam Books', 256, 'A Brief History of Time is a popular-science book on cosmology by British physicist Stephen Hawking. It introduces the history of ideas about the universe from ancient times to the present day and includes topics such as black holes and the Big Bang.');
INSERT INTO books (ISBN, image, title, languages, keywords, publisher, page_num, summary) VALUES
(9780747532743,  'https://m.media-amazon.com/images/I/91bWtphm61L._AC_UL480_FMwebp_QL65_.jpg', 'Harry Potter and the Philosophers Stone', 'English', 'Fantasy, Magic, Coming-of-Age', 'Bloomsbury Publishing', 223, 'Harry Potter and the Philosophers Stone is a novel by British author J.K. Rowling. It is the first novel in the Harry Potter series and introduces the character of Harry Potter, a young wizard, and his friends Hermione Granger and Ron Weasley, as they attend Hogwarts School of Witchcraft and Wizardry.');
INSERT INTO books (ISBN, image, title, languages, keywords, publisher, page_num, summary) VALUES
(9814563278,  'https://m.media-amazon.com/images/I/91c7YblD7gL._AC_UY327_FMwebp_QL65_.jpg', 'Child 44', 'English', 'Crime, Drama, Thriller', 'Simon & Schuster', 448, 'Set in Stalinist Russia, this thriller follows an investigator who becomes the target of the government as he tries to solve a string of murders.');
INSERT INTO books (ISBN, image, title, languages, keywords, publisher, page_num, summary) VALUES
(9780061728970, 'https://encrypted-tbn1.gstatic.com/shopping?q=tbn:ANd9GcT339rpSHRg8qOj7NC8q7g7Zluk2Dlj8wsJ1XmfOCpiXKH6SxtbzgFVOiCr5Dp3UwX54rLL8n4WOhGCYLQa1BYM2o-FsmrFufzp-whwLmDwh_X4kwVytsqEhmWt2uM18DIlqg&usqp=CAc', 'Into the Wild', 'English', 'Biography', 'Anchor', 240, 'Krakauer book follows the life and journey of Christopher McCandless a young man who ventured into the Alaskan wilderness and ultimately perished.');
INSERT INTO books (ISBN, image, title, languages, keywords, publisher, page_num, summary) VALUES
(9780393328010, 'https://m.media-amazon.com/images/I/71R4p7l6EPL._AC_UY327_FMwebp_QL65_.jpg', 'Nickel and Dimed: On (Not) Getting By in America', 'English', 'Social Commentary', 'Henry Holt and Co.', 256, 'Ehrenreich investigates the difficulties of living on a minimum wage salary in the United States.');
INSERT INTO books (ISBN, image, title, languages, keywords, publisher, page_num, summary) VALUES
(9781784874191, 'https://encrypted-tbn1.gstatic.com/shopping?q=tbn:ANd9GcSGqmm-mf8nKcSvBA9xHHTpKOmxIxkPq3OpYnV14_k7Fdj9xk2ifZwEtbjGzVxUOGqPbt8hnrphtamBjsxw5mkq-A0Ovp_21bwv46lDKpv8WPpsVHgoi0lquGTD5mCnMdj_8Ho&usqp=CAc', 'Debt: The First 5,000 Years', 'English', 'Economics', 'Penguin', 534, 'This book explores the history and social implications of debt.');
INSERT INTO books (ISBN, image, title, languages, keywords, publisher, page_num, summary) VALUES
(9781786899376,  'https://m.media-amazon.com/images/I/41TMuiN8lCL._SY291_BO1,204,203,200_QL40_FMwebp_.jpg','Handiwork', 'English', 'Autobiographical Fiction', 'Tramp Press', 96, 'A poetic meditation on the joys of working with ones hands.');
INSERT INTO books (ISBN, image, title, languages, keywords, publisher, page_num, summary) VALUES
(9781555976903, 'https://d1b14unh5d6w7g.cloudfront.net/1933517409.01.S001.LXXXXXXX.jpg?Expires=1685532230&Signature=GYSmnr89nmvOtW0JxEVSq-nLA8SHhqCfofFhJk~RzbJRgZGjXUU-ZKzCAHIU6t-4-O0P6ACDedMDM0KUzaCM1Dz65s0JxCfpJyCVDmUXlC9UvGYb1Jq84bpqFzd4gtV5ZXTmviyHpvXAXaIJTmZQgLFKKgVdGVs2vdqC5H3yEZA_&Key-Pair-Id=APKAIUO27P366FGALUMQ','Bluets', 'English', 'Memoir', 'Wave Books', 112, 'Nelsons memoir in fragments explores love and loss through the lens of the color blue.');
INSERT INTO books (ISBN, image, title, languages, keywords, publisher, page_num, summary) VALUES
(9780140449086,  'https://m.media-amazon.com/images/I/81fygAyvKML._AC_UY327_FMwebp_QL65_.jpg', 'Pride and Prejudice', 'haha', 'English', 'Penguin Classics', 432, 'Pride and Prejudice is a novel by Jane Austen, first published in 1813.');
INSERT INTO books (ISBN, image, title, languages, keywords, publisher, page_num, summary) VALUES
(9780743273565,  'https://m.media-amazon.com/images/I/613vQdXPDwL._AC_UY327_FMwebp_QL65_.jpg', 'Beloved', 'English', 'Slavery', 'Vintage', 321, 'Beloved is a novel by the American writer Toni Morrison. Set after the American Civil War, it tells the story of a family of former slaves whose Cincinnati home is haunted by a malevolent spirit.');
INSERT INTO books (ISBN, image, title, languages, keywords, publisher, page_num, summary) VALUES
(9781501132872, 'https://m.media-amazon.com/images/I/813D-A7nNHL._AC_UY327_FMwebp_QL65_.jpg', 'The Vicar of Wakefield', 'English', 'Satirical novel, Comedy', 'HarperCollins', 272, 'The Vicar of Wakefield is a satirical novel that follows the misadventures of Reverend Dr. Primrose, a well-meaning but naive clergyman, and his family. Filled with comedic situations and social commentary, this classic novel explores themes of morality, deception, and the complexities of human nature.');
INSERT INTO books (ISBN, image, title, languages, keywords, publisher, page_num, summary) VALUES
(9781501132957,  'https://m.media-amazon.com/images/I/91RTxlqiz4L._AC_UY327_FMwebp_QL65_.jpg', 'Born a Crime', 'English', 'Autobiography, Race, Apartheid', 'Spiegel & Grau', 304, 'Born a Crime is the story of a mischievous young boy who grows into a restless young man as he struggles to find himself in a world where he was never supposed to exist.');
INSERT INTO books (ISBN, image, title, languages, keywords, publisher, page_num, summary) VALUES
(9780399590613,  'https://m.media-amazon.com/images/I/81PSbeTKaqL._AC_UY327_FMwebp_QL65_.jpg', 'Into the Water', 'English', 'Thriller, Mystery, Fiction', 'Riverhead Books', 386, 'The book is about a town where many women over the years have drowned under suspicious circumstances in a stretch of water called "The Drowning Pool,” including the mother of the story s main character.');
INSERT INTO books (ISBN, image, title, languages, keywords, publisher, page_num, summary) VALUES
(9781501173219,  'https://m.media-amazon.com/images/I/81pJ1u3UOML._AC_UY327_FMwebp_QL65_.jpg', 'Little Fires Everywhere', 'English', 'Family Life, Literary Fiction', 'Penguin Press', 352, 'The book explores the weight of long-held secrets and the ferocious pull of motherhood-and the danger of believing that planning and following the rules can avert disaster, or heartbreak.');
INSERT INTO books (ISBN, image, title, languages, keywords, publisher, page_num, summary) VALUES
(9781250207209,  'https://m.media-amazon.com/images/I/81qn2ligvZL._AC_UY327_FMwebp_QL65_.jpg', 'Past Tense', 'English', 'Thriller, Mystery, Suspense', 'Delacorte Press', 400, 'The book follows Jack Reacher on his journey to his late father s hometown in search of answers about his family history.');
INSERT INTO books (ISBN, image, title, languages, keywords, publisher, page_num, summary) VALUES
(9780525534967,  'https://m.media-amazon.com/images/I/81nY3giC9NL._AC_UY327_FMwebp_QL65_.jpg', 'White Fragility', 'English', 'Race Relations, Civil Rights, Prejudice', 'Beacon Press', 192, 'The book explores the counterproductive reactions white people have when their assumptions about race are challenged, and how these reactions maintain racial inequality.');
INSERT INTO books (ISBN, image, title, languages, keywords, publisher, page_num, summary) VALUES
(9780575087057,  'https://m.media-amazon.com/images/I/91OqU1cAmrL._AC_UY327_FMwebp_QL65_.jpg', 'The Name of the Wind', 'English', 'Magic, Adventure', 'Gollancz', 662, 'The first book in the Kingkiller Chronicle series.');
INSERT INTO books (ISBN, image, title, languages, keywords, publisher, page_num, summary) VALUES
(9780316074239,  'https://m.media-amazon.com/images/I/917NNRCArfL._AC_UY327_FMwebp_QL65_.jpg', 'Mistborn: The Final Empire', 'English', 'Magic, Rebellion', 'Tor Books', 541, 'The first book in the Mistborn trilogy.');
INSERT INTO books (ISBN, image, title, languages, keywords, publisher, page_num, summary) VALUES
(9780345803481, 'https://m.media-amazon.com/images/I/81R4ZDY03NL._AC_UY327_FMwebp_QL65_.jpg', 'A Clash of Kings', 'English', 'Medieval, Politics', 'Bantam Books', 694, 'The second novel in the epic fantasy series "A Song of Ice and Fire" by George R.R. Martin. "A Clash of Kings" continues the gripping tale of the power struggle for the Iron Throne in the realm of Westeros. As various factions and noble houses fight for control, political intrigues, alliances, and betrayals shape the course of the war. With its intricate plotting, complex characters, and a blend of politics, warfare, and supernatural elements, this book takes readers on an exhilarating journey through a world filled with moral dilemmas, strategic maneuvers, and unexpected twists. Join the battle for power and witness the clash of kings as their ambitions collide and the fate of the Seven Kingdoms hangs in the balance.');
INSERT INTO books (ISBN, image, title, languages, keywords, publisher, page_num, summary) VALUES
(9780575090996,  'https://m.media-amazon.com/images/I/91043VlVjnL._AC_UY327_FMwebp_QL65_.jpg', 'The Blade Itself', 'English', 'Violence, Dark humor', 'Gollancz', 536, 'The first book in The First Law trilogy.');
INSERT INTO books (ISBN, image, title, languages, keywords, publisher, page_num, summary) VALUES
(9780062870524,  'https://m.media-amazon.com/images/I/71zSiH2uWcL._AC_UY327_FMwebp_QL65_.jpg', 'Beach Read', 'English', 'Romance, Writing', 'Berkley', 361, 'A romance novel about two rival authors who challenge each other to write in each other s genre.');
INSERT INTO books (ISBN, image, title, languages, keywords, publisher, page_num, summary) VALUES
(9781501129042,  'https://m.media-amazon.com/images/I/71ss1p8nk6L._AC_UY327_FMwebp_QL65_.jpg','The Hate U Give', 'English', 'Race, Police brutality', 'Balzer + Bray', 464, 'A young adult novel about a black girl who witnesses the fatal shooting of her friend by a police officer.');
INSERT INTO books (ISBN, image, title, languages, keywords, publisher, page_num, summary) VALUES
(9780374308068,  'https://m.media-amazon.com/images/I/914ayJTPi6L._AC_UY327_FMwebp_QL65_.jpg', 'Six of Crows', 'English', 'Heist, Magic', 'Henry Holt and Co.', 465, 'The first book in the Six of Crows duology.');
INSERT INTO books (ISBN, image, title, languages, keywords, publisher, page_num, summary) VALUES
(9781538717487,   'https://m.media-amazon.com/images/I/81Esi80AQdL._AC_UY327_FMwebp_QL65_.jpg', 'Daisy Jones & The Six', 'English', 'Music, 1970s', 'Ballantine Books', 368, 'A historical fiction novel about the rise and fall of a fictional rock band in the 1970s.');
INSERT INTO books (ISBN, image, title, languages, keywords, publisher, page_num, summary) VALUES
(9781400067944,  'https://m.media-amazon.com/images/I/81vQVLNLmHL._AC_UY327_FMwebp_QL65_.jpg', 'The Devil in the White City', 'English', 'True crime, Architecture', 'Crown Publishers', 447, 'A nonfiction book about the 1893 World s Columbian Exposition in Chicago and the serial killer who used it as a hunting ground.');
INSERT INTO books (ISBN, image, title, languages, keywords, publisher, page_num, summary) VALUES
(9780525475064,  'https://m.media-amazon.com/images/I/71dnJedMDyL._AC_UY327_FMwebp_QL65_.jpg','The Circle', 'English', 'Dystopia, science fiction', 'Knopf', 504, 'A novel set in a near-future where a powerful internet company has consolidated all online activity and gradually eroded privacy and democracy');
INSERT INTO books (ISBN, image, title, languages, keywords, publisher, page_num, summary) VALUES
(9781472154668,  'https://m.media-amazon.com/images/I/81d7CMGEcRL._AC_UY327_FMwebp_QL65_.jpg', 'Normal People', 'English', 'Romance, literary fiction', 'Faber and Faber', 288, 'A novel exploring the relationship between two young people from different social backgrounds, as they navigate their way through college and early adulthood');
INSERT INTO books (ISBN, image, title, languages, keywords, publisher, page_num, summary) VALUES
(9781250772809, 'https://m.media-amazon.com/images/I/71tSAOppvoL._AC_UY327_FMwebp_QL65_.jpg','Talking to Strangers', 'English', 'Social psychology, criminology', 'Little, Brown and Company', 400, 'A book examining how people make sense of strangers and why those strategies can lead to disastrous consequences');
INSERT INTO books (ISBN, image, title, languages, keywords, publisher, page_num, summary) VALUES
(9781984804278,  'https://m.media-amazon.com/images/I/71eJ66acl9L._AC_UY327_FMwebp_QL65_.jpg', 'The Midnight Library', 'English', 'Fantasy, philosophical fiction', 'Viking', 288, 'A novel about a woman who attempts suicide and finds herself in a library between life and death, where she has the opportunity to try out alternate lives');
INSERT INTO books (ISBN, image, title, languages, keywords, publisher, page_num, summary) VALUES
(9780345391803,  'https://m.media-amazon.com/images/I/81j4LPfjVWL._AC_UY327_FMwebp_QL65_.jpg', 'The Hitchhikers Guide to the Galaxy', 'English', 'Science fiction, comedy', 'Del Rey Books', 193, 'A comedic science fiction series following the misadventures of an unwitting human and his alien friend as they travel through space and time');
INSERT INTO books (ISBN, image, title, languages, keywords, publisher, page_num, summary) VALUES
(9780679773369,  'https://m.media-amazon.com/images/I/81MI6+TpYkL._AC_UY327_FMwebp_QL65_.jpg', 'One Hundred Years of Solitude', 'English', 'magic realism, family, love', 'Harper Perennial Modern Classics', 422, 'One Hundred Years of Solitude is a landmark 1967 novel by Colombian author Gabriel García Márquez.');
INSERT INTO books (ISBN, image, title, languages, keywords, publisher, page_num, summary) VALUES
(9780141187761,  'https://m.media-amazon.com/images/I/61nlvcmPkGL._AC_UY327_FMwebp_QL65_.jpg','The Metamorphosis', 'English', 'absurdism, existentialism', 'Penguin Classics', 224, 'The Metamorphosis is a novella written by Franz Kafka which was first published in 1915.');
INSERT INTO books (ISBN, image, title, languages, keywords, publisher, page_num, summary) VALUES
(9780140447936,  'https://m.media-amazon.com/images/I/81f+It3gw7L._AC_UY327_FMwebp_QL65_.jpg', 'Crime and Punishment', 'English', 'psychological fiction, crime', 'Penguin Classics', 671, 'Crime and Punishment is a novel by the Russian author Fyodor Dostoevsky.');
INSERT INTO books (ISBN, image, title, languages, keywords, publisher, page_num, summary) VALUES
(9780062427134, 'https://m.media-amazon.com/images/I/717KRq4xxxL._AC_UY327_FMwebp_QL65_.jpg', 'When Breath Becomes Air', 'English', 'medicine, memoir', 'Random House', 256, 'When Breath Becomes Air is a non-fiction autobiographical book written by American neurosurgeon Paul Kalanithi.');
INSERT INTO books (ISBN, image, title, languages, keywords, publisher, page_num, summary) VALUES
(9780679755333,  'https://m.media-amazon.com/images/I/61lKgNG-SQL._AC_UY327_FMwebp_QL65_.jpg', 'A Streetcar Named Desire', 'English', 'southern literature, tragedy', 'New Directions Publishing Corporation', 107, 'A Streetcar Named Desire is a play written by Tennessee Williams that opened on Broadway in December 1947.');
INSERT INTO books (ISBN, image, title, languages, keywords, publisher, page_num, summary) VALUES
(9780525536291, 'https://m.media-amazon.com/images/I/71rm0H5uOaL._AC_UY327_FMwebp_QL65_.jpg', 'Becoming', 'English', 'memoir, politics, race', 'Crown Publishing Group', 448, 'Becoming is a memoir by former United States First Lady Michelle Obama that was released in 2018.');
INSERT INTO books (ISBN, image, title, languages, keywords, publisher, page_num, summary) VALUES
(9780061122415,  'https://m.media-amazon.com/images/I/71mfL5OGNNL._AC_UY327_FMwebp_QL65_.jpg', 'The Handmaids Tale', 'English', 'dystopian, feminism, politics', 'Anchor Books', 311, 'The Handmaids Tale is a dystopian novel by Canadian author Margaret Atwood.');
INSERT INTO books (ISBN, image, title, languages, keywords, publisher, page_num, summary) VALUES
(9780735211286,  'https://m.media-amazon.com/images/I/81Xy1ugiWeL._AC_UY327_FMwebp_QL65_.jpg', 'Killers of the Flower Moon', 'English', 'Osage tribe, murder investigation', 'Doubleday', 352, 'Killers of the Flower Moon is a non-fiction book by American author David Grann.');
INSERT INTO books (ISBN, image, title, languages, keywords, publisher, page_num, summary) VALUES
(9781501173229,  'https://m.media-amazon.com/images/I/91giHsvBjBL._AC_UY327_FMwebp_QL65_.jpg', 'Hillbilly Elegy', 'English', 'memoir, Appalachian culture, social commentary', 'Harper', 273, 'Hillbilly Elegy is a memoir by J. D. Vance about the Appalachian values and culture.');
INSERT INTO books (ISBN, image, title, languages, keywords, publisher, page_num, summary) VALUES
(9780385490818,  'https://m.media-amazon.com/images/I/910RVMMAJpL._AC_UY327_FMwebp_QL65_.jpg', 'The Divine Comedy', 'English', 'epic poetry, theology', 'Anchor Books', 928, 'The Divine Comedy is a long Italian narrative poem by Dante Alighieri.');
INSERT INTO books (ISBN, image, title, languages, keywords, publisher, page_num, summary) VALUES
(9780571242929,  'https://m.media-amazon.com/images/I/81WUAoL-wFL._AC_UY327_FMwebp_QL65_.jpg', 'Lord of the Flies', 'English', 'allegory, survival, leadership', 'Faber and Faber', 256, 'Lord of the Flies is a novel by Nobel Prize-winning British author William Golding.');
INSERT INTO books (ISBN, image, title, languages, keywords, publisher, page_num, summary) VALUES
(9780375714832,  'https://m.media-amazon.com/images/I/81NYEE9vjsL._AC_UY327_FMwebp_QL65_.jpg', 'Infinite Jest', 'English', 'satire, addiction, tennis', 'Little, Brown and Company', 1079, 'Infinite Jest is a novel by American writer David Foster Wallace.');
INSERT INTO books (ISBN, image, title, languages, keywords, publisher, page_num, summary) VALUES
(9781476746586, 'https://m.media-amazon.com/images/I/815ZD+FIpfL._AC_UY327_FMwebp_QL65_.jpg', 'The Namesake', 'English', 'Cultural Identity, Immigration', 'Mariner Books', 291, 'The Namesake is a captivating novel by Jhumpa Lahiri that explores the journey of Gogol Ganguli, a first-generation American-born son of Indian immigrants. It delves into his struggle to find his identity and navigate the complexities of cultural heritage and assimilation.');
INSERT INTO books (ISBN, image, title, languages, keywords, publisher, page_num, summary) VALUES
(9780345370771, 'https://m.media-amazon.com/images/I/81VqkhMFpuL._AC_UY327_FMwebp_QL65_.jpg', 'A Feast for Crows', 'English', 'Epic Fantasy, Medieval', 'Bantam Spectra', 694, 'A Feast for Crows is the fourth novel in the acclaimed fantasy series "A Song of Ice and Fire" by George R.R. Martin. The story continues the intricate and gripping narrative set in the fictional world of Westeros. Following the devastating events of the previous book, the realm is embroiled in a war of power and survival. As the noble houses contend for control and seek to secure their positions, political maneuvering, alliances, and conflicts arise. Intriguing new characters are introduced, while familiar faces face new challenges. With its rich world-building, complex characters, and intricate plotting, A Feast for Crows delves deeper into the intricate web of power, loyalty, and betrayal. Prepare to be captivated as Martin weaves a tapestry of political intrigue, warfare, and human drama that will leave readers eager for more.');
INSERT INTO books (ISBN, image, title, languages, keywords, publisher, page_num, summary) VALUES
(9780062073488,  'https://m.media-amazon.com/images/I/61z7RDG3OIL._AC_UY327_FMwebp_QL65_.jpg', 'Fahrenheit 451', 'English', 'Dystopian, Censorship', 'Simon & Schuster', 256, 'Fahrenheit 451 is a novel about a future society where books are banned and burned.');
INSERT INTO books (ISBN, image, title, languages, keywords, publisher, page_num, summary) VALUES
(9780452284234,  'https://m.media-amazon.com/images/I/81NgzG3kU-L._AC_UY327_FMwebp_QL65_.jpg', 'Slaughterhouse-Five', 'English', 'War, Time travel', 'Dial Press Trade Paperback', 215, 'Slaughterhouse-Five is a novel about the bombing of Dresden in World War II and a man who becomes unstuck in time.');
INSERT INTO books (ISBN, image, title, languages, keywords, publisher, page_num, summary) VALUES
(9780385543781,  'https://m.media-amazon.com/images/I/811X9S6lDzL._AC_UY327_FMwebp_QL65_.jpg', 'A Gentleman in Moscow', 'English', 'Russia, Historical fiction', 'Viking', 480, 'A Gentleman in Moscow is a novel about a Russian count who is placed under house arrest in a luxury hotel during the Bolshevik revolution.');
INSERT INTO books (ISBN, image, title, languages, keywords, publisher, page_num, summary) VALUES
(9780062413620,  'https://m.media-amazon.com/images/I/91XhGqRrEVL._AC_UY327_FMwebp_QL65_.jpg', 'Between the World and Me', 'English', 'Race, Society', 'Spiegel & Grau', 176, 'Between the World and Me is a letter to the authors teenage son about being black in America.');
INSERT INTO books (ISBN, image, title, languages, keywords, publisher, page_num, summary) VALUES
(9780802145907,  'https://m.media-amazon.com/images/I/9195N49JxNL._AC_UY327_FMwebp_QL65_.jpg','On Earth Were Briefly Gorgeous', 'English', 'Family, Memory, Identity', 'Penguin Press', 246, 'On Earth Were Briefly Gorgeous is a collection of poems that explore the author''s family history, his Vietnamese heritage, and his coming-of-age as a queer immigrant.');
INSERT INTO books (ISBN, image, title, languages, keywords, publisher, page_num, summary) VALUES
(9780062912568,  'https://m.media-amazon.com/images/I/81xW7nqi5bL._AC_UY327_FMwebp_QL65_.jpg', 'Hidden Valley Road', 'English', 'Mental illness, Family, Genetics', 'Doubleday', 400, 'Hidden Valley Road is a nonfiction book about a family in Colorado with twelve children, six of whom were diagnosed with schizophrenia.');
INSERT INTO books (ISBN, image, title, languages, keywords, publisher, page_num, summary) VALUES
(9780385536073, 'https://m.media-amazon.com/images/I/41XSC6V0PAL._AC_UY327_FMwebp_QL65_.jpg', 'Tent of Miracles', 'English', 'Magical Realism, Cultural Identity', 'Penguin Books', 336, 'Tent of Miracles is a mesmerizing novel by Jorge Amado that intertwines themes of magical realism and cultural identity. Set in Bahia, Brazil, it tells the story of Pedro Archanjo, a mixed-race intellectual who becomes a symbol of cultural resistance and self-discovery in a society marked by racial and social inequalities.');
INSERT INTO books (ISBN, image, title, languages, keywords, publisher, page_num, summary) VALUES
(9780593350734,  'https://m.media-amazon.com/images/I/61+CTfiD8iL._AC_UY327_FMwebp_QL65_.jpg', 'Wither', 'English', 'Queer, Grief, Family', 'Riverhead Books', 272, 'Wither is a novel about a young woman named Dottie who returns to her hometown to care for her terminally ill father and navigate her complicated relationships with her family.');
INSERT INTO books (ISBN, image, title, languages, keywords, publisher, page_num, summary) VALUES
(9780525564019,  'https://m.media-amazon.com/images/I/81cAf1J4PhL._AC_UY327_FMwebp_QL65_.jpg', 'Homeland Elegies', 'English', 'Race, Politics, Family', 'Little, Brown and Company', 368, 'Homeland Elegies is a novel about an American Muslim playwright who struggles with his identity and his relationship with his father in the wake of 9/11.');
INSERT INTO books (ISBN, image, title, languages, keywords, publisher, page_num, summary) VALUES
(9781984879356,  'https://m.media-amazon.com/images/I/81wHi+mwzWL._AC_UY327_FMwebp_QL65_.jpg', 'The Nickel Boys', 'English', 'Race, History', 'Doubleday', 224, 'The Nickel Boys is a novel about a young black man who is sent to a reform school in Florida in the 1960s and the abuses he and his fellow students endure.');
INSERT INTO books (ISBN, image, title, languages, keywords, publisher, page_num, summary) VALUES
(9781984878472,  'https://m.media-amazon.com/images/I/71ZlOEHnHqL._AC_UY327_FMwebp_QL65_.jpg','The Argonauts', 'English', 'Queer, Gender, Family', 'Graywolf Press', 160, 'The Argonauts is a memoir and critical theory book about the author''s relationship with her partner, who is undergoing gender transition, and their journey to start a family.');
INSERT INTO books (ISBN, image, title, languages, keywords, publisher, page_num, summary) VALUES
(9780525565085,  'https://m.media-amazon.com/images/I/81JLKF2MuuL._AC_UY327_FMwebp_QL65_.jpg', 'Crosshairs', 'English', 'Dystopian, Race, Resistance', 'Atria Books', 304, 'Crosshairs is a dystopian novel set in a future version of Canada where a white supremacist government has taken over and a group of resistance fighters must fight back.');
INSERT INTO books (ISBN, image, title, languages, keywords, publisher, page_num, summary) VALUES
(9780525520381, 'https://m.media-amazon.com/images/I/51FLambzJ1L._AC_UY327_FMwebp_QL65_.jpg', 'The Apes of God', 'English', 'satire, art, society', 'Random House', 352, 'The Apes of God is a novel by English writer Wyndham Lewis, published in 1930. It is a satirical exploration of the London art scene and the pretensions of artists and intellectuals. Through dark humor and sharp observations, the novel exposes the hypocrisy and absurdity of the cultural elite. It offers a satirical critique of societys obsession with art and the commodification of creativity.');
INSERT INTO books (ISBN, image, title, languages, keywords, publisher, page_num, summary) VALUES
(9781250237231,  'https://m.media-amazon.com/images/I/71PSePhljDL._AC_UY327_FMwebp_QL65_.jpg', 'The Best of Me', 'English', 'Humor, Essays', 'Little, Brown and Company', 400, 'The Best of Me is a collection of humorous essays by the author that cover a wide range of topics from family to travel.');
INSERT INTO books (ISBN, image, title, languages, keywords, publisher, page_num, summary) VALUES
(9781400067826,  'https://m.media-amazon.com/images/I/91fRT+cJNzL._AC_UY327_FMwebp_QL65_.jpg', 'A Little Life', 'English', 'Friendship, Trauma, Identity', 'Doubleday', 736, 'A Little Life is a novel about four friends who move to New York City and their journey over several decades as they navigate relationships, trauma, and their own identities.');
INSERT INTO books (ISBN, image, title, languages, keywords, publisher, page_num, summary) VALUES
(9780525436147,  'https://m.media-amazon.com/images/I/91b-o17L1KL._AC_UY327_FMwebp_QL65_.jpg','I''ll Be Gone in the Dark', 'English', 'True Crime, Investigation', 'Harper', 352, 'I''ll Be Gone in the Dark is a true crime book about the author''s investigation into the Golden State Killer, a serial rapist and murderer who was active in California in the 1970s and 80s.');
INSERT INTO books (ISBN, image, title, languages, keywords, publisher, page_num, summary) VALUES
(9780143036531, 'DeToraBoeken.jpg','De Tora-boeken (Trilogie)', 'Dutch', 'Historical Fiction', 'Riverhead Books', 371, 'De Tora-boeken is een trilogie die zich afspeelt in een historische setting. Het volgt het leven van verschillende personages in een tijd van politieke onrust en verandering. Met boeiende verhaallijnen en gelaagde personages, onderzoekt deze trilogie themas als identiteit, liefde en de kracht van verhalen.');
INSERT INTO books (ISBN, image, title, languages, keywords, publisher, page_num, summary) VALUES
(9780385346996,  'https://m.media-amazon.com/images/I/81MIqIDFPkL._AC_UY327_FMwebp_QL65_.jpg', 'Evicted', 'English', 'Poverty, Housing, Inequality', 'Crown Publishers', 432, 'Evicted is a nonfiction book that follows the lives of eight families in Milwaukee who are struggling to find and keep affordable housing.');
INSERT INTO books (ISBN, image, title, languages, keywords, publisher, page_num, summary) VALUES
(9780812988406,  'https://m.media-amazon.com/images/I/A1shEWB4a3L._AC_UY327_FMwebp_QL65_.jpg', 'The Underground Railroad', 'English', 'Slavery, Escape, Freedom', 'Doubleday', 320, 'The Underground Railroad is a novel about a young slave in Georgia who escapes via a literal underground railroad and makes her way north.');
INSERT INTO books (ISBN, image, title, languages, keywords, publisher, page_num, summary) VALUES
(9781250622083,  'https://m.media-amazon.com/images/I/91JVtEzgo8L._AC_UY327_FMwebp_QL65_.jpg', 'Piranesi', 'English', 'Mystery, Fantasy', 'Bloomsbury Publishing', 272, 'Piranesi is a novel about a man who lives alone in a mysterious labyrinthine house and must navigate its secrets.');
INSERT INTO books (ISBN, image, title, languages, keywords, publisher, page_num, summary) VALUES
(9781594204805,  'https://m.media-amazon.com/images/I/91UznJLfwUL._AC_UY327_FMwebp_QL65_.jpg', 'Being Mortal', 'English', 'Aging, Health Care, End-of-Life', 'Metropolitan Books', 304, 'Being Mortal is a nonfiction book that examines how the medical industry and society as a whole approach aging and end-of-life care.');
INSERT INTO books (ISBN, image, title, languages, keywords, publisher, page_num, summary) VALUES
(9780060549701,  'https://m.media-amazon.com/images/I/81vOoc2NhoL._AC_UY327_FMwebp_QL65_.jpg', 'American Gods', 'English', 'Mythology, Fantasy, Road Trip', 'William Morrow', 592, 'American Gods is a novel about a man named Shadow who becomes embroiled in a battle between gods from different mythologies.');
INSERT INTO books (ISBN, image, title, languages, keywords, publisher, page_num, summary) VALUES
(9780345806401,  'https://m.media-amazon.com/images/I/81RBTG28sCL._AC_UY327_FMwebp_QL65_.jpg', 'All the light we cannot see', 'English', 'World War II, Friendship, Survival', 'Scribner', 544, 'All the Light We Cannot See is a novel about a blind French girl and a German boy whose paths cross during World War II.');
INSERT INTO books (ISBN, image, title, languages, keywords, publisher, page_num, summary) VALUES
(9780393356687,  'https://m.media-amazon.com/images/I/61hf1dr6VaL._AC_UY327_FMwebp_QL65_.jpg', 'Men Explain Things to Me', 'English', 'Feminism, Gender, Essays', 'Haymarket Books', 176, 'Men Explain Things to Me is a collection of essays about gender and power, including the phenomenon of men assuming they know more than women.');
INSERT INTO books (ISBN, image, title, languages, keywords, publisher, page_num, summary) VALUES
(9780316017930, 'https://m.media-amazon.com/images/I/51a3dhkURbL._AC_UY327_FMwebp_QL65_.jpg', 'The Deadbeats', 'English', 'Music, Friendship', 'Little, Brown and Company', 304, 'The Deadbeats is a heartwarming novel that explores the power of music and the bonds of friendship. Follow a group of misfit musicians as they navigate their way through the ups and downs of pursuing their musical dreams.');
INSERT INTO books (ISBN, image, title, languages, keywords, publisher, page_num, summary) VALUES
(9780385517255,  'https://m.media-amazon.com/images/I/81k2brI+a-L._AC_UY327_FMwebp_QL65_.jpg', 'The Da Vinci Code', 'English', 'conspiracy theory, thriller', 'Doubleday', 489, 'The Da Vinci Code is a thriller novel by American author Dan Brown that follows symbologist Robert Langdon and cryptologist Sophie Neveu as they investigate a murder in Paris.');
INSERT INTO books (ISBN, image, title, languages, keywords, publisher, page_num, summary) VALUES
(9780593099322,  'https://m.media-amazon.com/images/I/81p9XKirqFL._AC_UY327_FMwebp_QL65_.jpg', 'Ready Player Two', 'English', 'virtual reality, science fiction', 'Ballantine Books', 384, 'Ready Player Two is a science fiction novel by American author Ernest Cline and the sequel to his debut novel Ready Player One.');
INSERT INTO books (ISBN, image, title, languages, keywords, publisher, page_num, summary) VALUES
(9780316017830,  'https://m.media-amazon.com/images/I/71dVs-qWg6L._AC_UY327_FMwebp_QL65_.jpg', 'Extremely Loud and Incredibly Close', 'English', '9/11, grief', 'Mariner Books', 368, 'Extremely Loud and Incredibly Close is a novel by American author Jonathan Safran Foer that tells the story of a young boy named Oskar Schell who lost his father in the September 11 attacks.');
INSERT INTO books (ISBN, image, title, languages, keywords, publisher, page_num, summary) VALUES
(9781400033416,  'https://m.media-amazon.com/images/I/813B7h4HrEL._AC_UY327_FMwebp_QL65_.jpg','The Brief Wondrous Life of Oscar Wao', 'English', 'Dominican Republic, immigrant experience', 'Riverhead Books', 352, 'The Brief Wondrous Life of Oscar Wao is a novel by Dominican American author Junot Díaz that follows the life of Oscar de León, an overweight Dominican boy growing up in Paterson, New Jersey.');
INSERT INTO books (ISBN, image, title, languages, keywords, publisher, page_num, summary) VALUES
(9780316013697,  'https://m.media-amazon.com/images/I/91xxSoFrDNL._AC_UY327_FMwebp_QL65_.jpg', 'Eat, Pray, Love', 'English', 'travel, spirituality, memoir', 'Riverhead Books', 352, 'Eat, Pray, Love is a memoir by American author Elizabeth Gilbert that recounts her journey to Italy, India, and Indonesia in search of self-discovery and happiness.');
INSERT INTO books (ISBN, image, title, languages, keywords, publisher, page_num, summary) VALUES
(9781400033423, 'https://m.media-amazon.com/images/I/81bPIejP-JL._AC_UY327_FMwebp_QL65_.jpg', 'One, No One and One Hundred Thousand', 'English', 'identity, self-perception, society', 'Riverhead Books', 371, 'One, No One and One Hundred Thousand is a novel by Italian writer Luigi Pirandello, originally published in 1926. The book explores the themes of identity, self-perception, and the complex relationship between individuals and society. Through the protagonists quest to understand his own identity and how others perceive him, the novel delves into the intricacies of human existence and the multifaceted nature of truth.');
INSERT INTO books (ISBN, image, title, languages, keywords, publisher, page_num, summary)
VALUES
(9780142437200,  'https://m.media-amazon.com/images/I/61f8m4caUPL._AC_UY327_FMwebp_QL65_.jpg','Moby-Dick', 'English', 'whaling, obsession, revenge', 'Penguin Classics', 704, 'Moby-Dick or, The Whale is an 1851 novel by American writer Herman Melville. The book is sailor Ishmaels narrative of the obsessive quest of Ahab, captain of the whaling ship Pequod, for revenge on the giant white sperm whale Moby Dick, which on a previous voyage destroyed Ahabs ship and severed his leg at the knee.');
INSERT INTO books (ISBN, image, title, languages, keywords, publisher, page_num, summary) VALUES
(9780804139021,  'https://m.media-amazon.com/images/I/81lPZB3qqDL._AC_UY327_FMwebp_QL65_.jpg', 'King and Maxwell', 'English', 'Secret Service, Conspiracy, Murder', 'Grand Central Publishing', 656, 'King and Maxwell is a thriller novel by David Baldacci that follows his two popular characters, Sean King and Michelle Maxwell. The story follows the pair as they investigate the death of a Secret Service agent and uncover a conspiracy that reaches the highest levels of government.');
INSERT INTO books (ISBN, image, title, languages, keywords, publisher, page_num, summary) VALUES
(9780316601950,  'https://m.media-amazon.com/images/I/314rkQJY9JL._AC_UY327_FMwebp_QL65_.jpg', 'Freedom', 'English', 'Family, Politics, Relationships', 'Farrar, Straus and Giroux', 562, 'Freedom is a novel by Jonathan Franzen that explores the lives of a family in the United States over several decades. The story follows the Berglund family as they navigate their relationships with each other and with the changing political and social landscape of America.');
INSERT INTO books (ISBN, image, title, languages, keywords, publisher, page_num, summary) VALUES
(9780345538376,  'https://m.media-amazon.com/images/I/81VqkhMFpuL._AC_UY327_FMwebp_QL65_.jpg', 'A Game of Thrones', 'English', 'Fantasy, War, Politics', 'Bantam Spectra', 694, 'A Game of Thrones is a fantasy novel by George R.R. Martin that is the first book in his A Song of Ice and Fire series. The story follows several noble families as they fight for control of the Iron Throne of the Seven Kingdoms of Westeros, while a forgotten race of beings threatens the realm.');
INSERT INTO books (ISBN, image, title, languages, keywords, publisher, page_num, summary) VALUES
(9780747574494,  'https://m.media-amazon.com/images/I/91VsMogZpwL._AC_UY327_FMwebp_QL65_.jpg', 'Harry Potter and the Goblet of Fire', 'English', 'Fantasy, Magic, Adventure', 'Bloomsbury Publishing', 640, 'The Triwizard Tournament is to be held at Hogwarts. Only wizards who are over seventeen are allowed to enter - but that doesnt stop Harry dreaming that he will win the competition. Then at Halloween, when the Goblet of Fire makes its selection, Harry is amazed to find his name is one of those that the magical cup picks out. He will face death-defying tasks, dragons and Dark wizards, but with the help of his best friends, Ron and Hermione, he might just make it through - alive!');
INSERT INTO books (ISBN, image, title, languages, keywords, publisher, page_num, summary) VALUES
(9780439139601,  'https://m.media-amazon.com/images/I/91II+F1H7LL._AC_UY327_FMwebp_QL65_.jpg', 'Harry Potter and the Prisoner of Azkaban', 'English', 'Fantasy, Magic, Adventure', 'Bloomsbury Publishing', 480, 'For twelve long years, the dread fortress of Azkaban held an infamous prisoner named Sirius Black. Convicted of killing thirteen people with a single curse, he was said to be the heir apparent to the Dark Lord, Voldemort. Now he has escaped, leaving only two clues as to where he might be headed: Harry Potters defeat of You-Know-Who was Blacks downfall as well. And the Azkaban guards heard Black muttering in his sleep, "Hes at Hogwarts...hes at Hogwarts."');
INSERT INTO books (ISBN, image, title, languages, keywords, publisher, page_num, summary) VALUES
(9781593275990,  'https://m.media-amazon.com/images/I/715PNi5Wa2L._AC_UY327_FMwebp_QL65_.jpg', 'Automate the Boring Stuff with Python', 'English', 'Python, Programming', 'No Starch Press', 504, 'Practical programming for total beginners. Written by Al Sweigart, author of bestselling programming books');
INSERT INTO books (ISBN, image, title, languages, keywords, publisher, page_num, summary) VALUES
(9780061120084,  'https://m.media-amazon.com/images/I/71fFOMJM41L._AC_UY327_FMwebp_QL65_.jpg', 'Twilight', 'English', 'fantasy, romance, vampires', 'Little, Brown and Company', 498, 'About three things I was absolutely positive. First, Edward was a vampire. Second, there was a part of him -and I didnt know how dominant that part might be -that thirsted for my blood. And third, I was unconditionally and irrevocably in love with him.');
INSERT INTO books (ISBN, image, title, languages, keywords, publisher, page_num, summary) VALUES
(9781400079988, 'https://m.media-amazon.com/images/I/81RUfP0ZOjL._AC_UY327_FMwebp_QL65_.jpg', 'The Kite Runner', 'English', 'drama, historical fiction, war', 'Riverhead Books', 371, 'The unforgettable, heartbreaking story of the unlikely friendship between a wealthy boy and the son of his father s servant, caught in the tragic sweep of history, The Kite Runner transports readers to Afghanistan at a tense and crucial moment of change and destruction.');
INSERT INTO books (ISBN, image, title, languages, keywords, publisher, page_num, summary) VALUES
(9780525555360, 'https://m.media-amazon.com/images/I/714n3v0MGrL._AC_UY327_FMwebp_QL65_.jpg', 'The Wasp Factory', 'English', 'Psychological thriller, Coming-of-age', 'Random House', 334, 'The Wasp Factory is a dark and gripping psychological thriller that follows the disturbing life of Frank, a young protagonist with a penchant for dangerous and macabre rituals. Set in a remote Scottish island, this coming-of-age novel explores themes of identity, family secrets, and the blurred boundaries between sanity and madness.');
INSERT INTO books (ISBN, image, title, languages, keywords, publisher, page_num, summary) VALUES
(9780451476169,  'https://m.media-amazon.com/images/I/81RCNdgGHcL._AC_UY327_FMwebp_QL65_.jpg', 'Obsession in Death', 'English', 'crime, thriller, fiction', 'Berkley Books', 416, 'Lieutenant Eve Dallas walks the thin line between love and hate in the 40th In Death thriller from #1 New York Times bestselling author J. D. Robb. Eve Dallas has solved a lot of high profile murders for the NYPSD and gotten a lot of media. She and her billionaire husband are getting accustomed to being objects of attention of gossip of speculation. But now Eve has become the object of one persons obsession. Someone who finds her extraordinary, and thinks about her every hour of every day. Who believes the two of them have a special relationship. Who would kill for her -again and again… With a murderer reading meanings into her every move, handling this case will be a delicate -and dangerous -psychological dance. And Eve knows that underneath the worship and admiration, a terrible threat lies in wait. Because the beautiful lieutenant is not at all grateful for these bloody offerings from her “true and loyal friend.” And in time, idols always fall…');
INSERT INTO books (ISBN, image, title, languages, keywords, publisher, page_num, summary) VALUES
(9780802714636,  'https://m.media-amazon.com/images/I/51J1mtgK+yL._AC_UY327_FMwebp_QL65_.jpg', 'The Science of Liberty: Democracy, Reason, and the Laws of Nature', 'English', 'science, philosophy, politics', 'Grove Press', 416, 'Renowned science writer Timothy Ferris examines the competing notions of science and democracy, arguinng that Western sciences empirical and quantitative strengths may also be its greatest weakness');
INSERT INTO books (ISBN, image, title, languages, keywords, publisher, page_num, summary) VALUES
(9781591847626,  'https://m.media-amazon.com/images/I/81p0X7GO9xL._AC_UY327_FMwebp_QL65_.jpg', 'How We Got to Now: Six Innovations That Made the Modern World', 'English', 'innovation, technology, history', 'Riverhead Books', 304, 'From the New York Times -bestselling author of Where Good Ideas Come From and Farsighted, a new look at the power and legacy of great ideas. In this illustrated history, Steven Johnson explores the history of innovation over centuries, tracing facets of modern life (refrigeration, clocks, and eyeglass lenses, to name a few) from their creation by hobbyists, amateurs, and entrepreneurs to their unintended historical consequences. Filled with surprising stories of accidental genius and brilliant mistakes -from the French publisher who invented the phonograph before Edison but forgot to include playback, to the Hollywood movie star who helped invent the technology behind Wi-Fi and Bluetooth -How We Got to Now investigates the secret history behind the everyday objects of contemporary life.');
INSERT INTO books (ISBN, image, title, languages, keywords, publisher, page_num, summary) VALUES
(9780552145428,  'https://m.media-amazon.com/images/I/61jttkx-YJL._AC_UY327_FMwebp_QL65_.jpg', 'The Last Hero: A Discworld Fable', 'English', 'fantasy, humor', 'Corgi', 160, 'An illustrated edition of a tale in which Cohen the Barbarian, the Discworlds oldest and greatest hero, sets out to release Death after he is trapped by a group of villains led by the undead pirate, Black Aliss.');
INSERT INTO books (ISBN, image, title, languages, keywords, publisher, page_num, summary) VALUES
(9781250272814,  'https://m.media-amazon.com/images/I/81pcgLoQw1L._AC_UY327_FMwebp_QL65_.jpg', 'The Martian', 'English', 'Mars, space, survival', 'Crown Publishing Group', 387, 'During a manned mission to Mars, Astronaut Mark Watney is presumed dead after a fierce storm and left behind by his crew. But Watney has survived and finds himself stranded and alone on the hostile planet.');
INSERT INTO books (ISBN, image, title, languages, keywords, publisher, page_num, summary) VALUES
(9780593312957, 'https://m.media-amazon.com/images/I/81NI6sqvvkL._AC_UY327_FMwebp_QL65_.jpg','A Promised Land', 'English', 'Politics, history, autobiography', 'Crown Publishing Group', 751, 'The memoir by Barack Obama, the 44th President of the United States, covering the years from his early life up to the 2011 raid that killed Osama bin Laden.');
INSERT INTO books (ISBN, image, title, languages, keywords, publisher, page_num, summary) VALUES
(9780449221431, 'https://m.media-amazon.com/images/I/718GQOonH-L._AC_UY327_FMwebp_QL65_.jpg','A Time to Kill', 'English', 'Legal, thriller, race', 'Doubleday', 515, 'A young lawyer defends a black man accused of murdering two white men who raped his 10-year-old daughter in a small southern town.');
INSERT INTO books (ISBN, image, title, languages, keywords, publisher, page_num, summary) VALUES
(9780743273265,  'https://m.media-amazon.com/images/I/91IZ+O8l5FL._AC_UY327_FMwebp_QL65_.jpg','1776', 'English', 'American Revolution, History', 'Simon & Schuster', 386, 'A riveting account of the pivotal year in the American Revolution.');
INSERT INTO books (ISBN, image, title, languages, keywords, publisher, page_num, summary) VALUES
(9781524714780,  'https://m.media-amazon.com/images/I/A1XlVAXmxZL._AC_UY327_FMwebp_QL65_.jpg','Children of Blood and Bone', 'English', 'Magic, Race, Power', 'Henry Holt and Co.', 544, 'Seventeen-year-old Zelie, her older brother Tzain, and rogue princess Amari fight to restore magic to the land and activate a new generation of magi, but they are ruthlessly pursued by the crown prince, who believes the return of magic will mean the end of the monarchy.');
INSERT INTO books (ISBN, image, title, languages, keywords, publisher, page_num, summary) VALUES
(9780525534969, 'https://m.media-amazon.com/images/I/61xta2jWBBL._AC_UY327_FMwebp_QL65_.jpg','Educated', 'English', 'Family, Religion, Education', 'Random House', 352, 'Tara Westover grew up in a survivalist family in rural Idaho, and didnt attend school until she was 17');
INSERT INTO books (ISBN, image, title, languages, keywords, publisher, page_num, summary) VALUES
(9780307387159,  'https://m.media-amazon.com/images/I/71jy1t1N57L._AC_UY327_FMwebp_QL65_.jpg', 'The Girl with the Dragon Tattoo', 'English', 'Murder, Crime, Investigation', 'Vintage Crime/Black Lizard', 672, 'Journalist Mikael Blomkvist is aided in his search for a woman who has been missing for forty years by Lisbeth Salander, a young computer hacker.');
INSERT INTO books (ISBN, image, title, languages, keywords, publisher, page_num, summary) VALUES
(9780593318171, 'https://m.media-amazon.com/images/I/91JhiXPlJiL._AC_UY327_FMwebp_QL65_.jpg', 'The Four Winds', 'English', 'Depression-era, Dust Bowl, family', 'St. Martin s Press', 464, 'In Texas in 1934, Elsa Martinelli s life is falling apart  - her husband has left her, she has lost her job and her children are frightened. When she hears of the opportunity to leave and make a new life for herself and her children in California, she has to take it.');

insert into users (username, password, first_name, last_name, birth_date, school_name, status) values ('stud123', 'rixow38', 'Andrew', 'Wiggins', '1998-06-02', 'North High School', 'accepted');
insert into users (username, password, first_name, last_name, birth_date, school_name, status) values ('nattewell0', 'Rh6H7VqS', 'Ninnetta', 'Attewell', '1997-03-22', 'North High School', 'accepted');
insert into users (username, password, first_name, last_name, birth_date, school_name, status) values ('mandrzejczak1', 'M5ZGIW2MiJsw', 'Myles', 'Andrzejczak', '1962-02-09', 'West High School', 'accepted');
insert into users (username, password, first_name, last_name, birth_date, school_name, status) values ('kdryden2', 'H5Jrd7nc9Rg9', 'Kimberly', 'Dryden', '1967-08-09', 'North High School', 'accepted');
insert into users (username, password, first_name, last_name, birth_date, school_name, status) values ('ralmey3', '57cdvI0es', 'Rosamund', 'Almey', '1993-01-30', 'North High School', 'accepted');
insert into users (username, password, first_name, last_name, birth_date, school_name, status) values ('mdemorena4', '7IBorksjg', 'Maury', 'De Morena', '1964-02-03', 'West High School', 'accepted');
insert into users (username, password, first_name, last_name, birth_date, school_name, status) values ('amynard5', 'MbsT8f', 'Ashley', 'Mynard', '1971-03-09', 'East High School', 'accepted');
insert into users (username, password, first_name, last_name, birth_date, school_name, status) values ('osnyder6', 'yaNmOv', 'Olga', 'Snyder', '1978-07-30', 'North High School', 'accepted');
insert into users (username, password, first_name, last_name, birth_date, school_name, status) values ('jtunstall7', 'zHUInY', 'Jarib', 'Tunstall', '1997-04-15', 'East High School', 'accepted');
insert into users (username, password, first_name, last_name, birth_date, school_name, status) values ('rfelmingham8', 'C6xh3FnRF', 'Rupert', 'Felmingham', '1960-02-23', 'South High School', 'accepted');
insert into users (username, password, first_name, last_name, birth_date, school_name, status) values ('esummerill9', 'e3BtIE5yCvGL', 'Eloise', 'Summerill', '1985-02-05', 'East High School', 'accepted');
insert into users (username, password, first_name, last_name, birth_date, school_name, status) values ('kmagora', 'JwF7WYrG0', 'Kerby', 'Magor', '1977-03-04', 'South High School', 'accepted');
insert into users (username, password, first_name, last_name, birth_date, school_name, status) values ('tsummergillb', 'INXqVrXo', 'Thomasa', 'Summergill', '2004-08-29', 'West High School', 'accepted');
insert into users (username, password, first_name, last_name, birth_date, school_name, status) values ('apitrolloc', 'IYU2i0TXWR', 'Alison', 'Pitrollo', '1981-10-30', 'West High School', 'accepted');
insert into users (username, password, first_name, last_name, birth_date, school_name, status) values ('mterringtond', '8L52rzISNHL', 'Marni', 'Terrington', '1984-01-08', 'West High School', 'accepted');
insert into users (username, password, first_name, last_name, birth_date, school_name, status) values ('dwordesworthe', 'JCmtqorDt7w', 'Daphna', 'Wordesworth', '1966-09-03', 'East High School', 'accepted');
insert into users (username, password, first_name, last_name, birth_date, school_name, status) values ('jchadneyf', 'CQAxQ5lfMo8', 'Jessalyn', 'Chadney', '1966-05-23', 'East High School', 'accepted');
insert into users (username, password, first_name, last_name, birth_date, school_name, status) values ('wbollamg', 'GOLCOIzB', 'Webb', 'Bollam', '1987-11-02', 'North High School', 'accepted');
insert into users (username, password, first_name, last_name, birth_date, school_name, status) values ('bhanssmannh', 'sKQR6UiVeUs', 'Brian', 'Hanssmann', '1968-05-14', 'North High School', 'accepted');
insert into users (username, password, first_name, last_name, birth_date, school_name, status) values ('vhandesi', 'N7jxP1', 'Vlad', 'Handes', '1982-10-02', 'East High School', 'accepted');
insert into users (username, password, first_name, last_name, birth_date, school_name, status) values ('gtriplettj', 'g7F5EzChAH', 'Glenden', 'Triplett', '1989-08-16', 'North High School', 'accepted');
insert into users (username, password, first_name, last_name, birth_date, school_name, status) values ('dchippink', 'qvyt8BkQh4pH', 'Dud', 'Chippin', '1979-11-11', 'South High School', 'accepted');
insert into users (username, password, first_name, last_name, birth_date, school_name, status) values ('fwardhawl', '2Ruump0v', 'Faustina', 'Wardhaw', '1994-05-17', 'East High School', 'accepted');
insert into users (username, password, first_name, last_name, birth_date, school_name, status) values ('jfruishm', 'l9AMsubc29', 'Jonah', 'Fruish', '1992-08-18', 'East High School', 'accepted');
insert into users (username, password, first_name, last_name, birth_date, school_name, status) values ('dscanlann', 'fMow7RC0', 'Dar', 'Scanlan', '1978-10-07', 'North High School', 'accepted');
insert into users (username, password, first_name, last_name, birth_date, school_name, status) values ('cverriouro', 'Zy8S1D62', 'Care', 'Verriour', '2007-11-09', 'West High School', 'accepted');
insert into users (username, password, first_name, last_name, birth_date, school_name, status) values ('tspowartp', 'O30bBKFiO6', 'Travus', 'Spowart', '1967-01-15', 'East High School', 'accepted');
insert into users (username, password, first_name, last_name, birth_date, school_name, status) values ('abreffitq', 'lmPGnVs8rnL', 'Akim', 'Breffit', '1990-12-12', 'North High School', 'accepted');
insert into users (username, password, first_name, last_name, birth_date, school_name, status) values ('aturesr', 'xFIBlniOc', 'Adham', 'Tures', '1961-05-05', 'East High School', 'accepted');
insert into users (username, password, first_name, last_name, birth_date, school_name, status) values ('kcurms', 'n1R6UW', 'Kristina', 'Curm', '1965-05-11', 'East High School', 'accepted');
insert into users (username, password, first_name, last_name, birth_date, school_name, status) values ('frodwellt', 'ML1OKGw', 'Fitz', 'Rodwell', '1992-10-07', 'West High School', 'accepted');
insert into users (username, password, first_name, last_name, birth_date, school_name, status) values ('sbackshallu', 'kaEPvIM2MZdm', 'Shandra', 'Backshall', '1980-07-14', 'West High School', 'accepted');
insert into users (username, password, first_name, last_name, birth_date, school_name, status) values ('wmccasterv', 'TVcAvd7tG', 'Willard', 'McCaster', '1990-03-03', 'South High School', 'accepted');
insert into users (username, password, first_name, last_name, birth_date, school_name, status) values ('chatchmanw', 'rWmDluOJK37y', 'Clotilda', 'Hatchman', '2001-10-11', 'West High School', 'accepted');
insert into users (username, password, first_name, last_name, birth_date, school_name, status) values ('gcrammyx', 'tt0KxAF8WTSr', 'Gretchen', 'Crammy', '1989-01-26', 'West High School', 'accepted');
insert into users (username, password, first_name, last_name, birth_date, school_name, status) values ('fpowery', '0cy6KrgetTtJ', 'Frankie', 'Power', '2006-04-10', 'West High School', 'accepted');
insert into users (username, password, first_name, last_name, birth_date, school_name, status) values ('esparrowez', '4ezsWZ8', 'Evelyn', 'Sparrowe', '1963-03-12', 'East High School', 'accepted');
insert into users (username, password, first_name, last_name, birth_date, school_name, status) values ('rferson10', 'ndQYbQjzLG', 'Rea', 'Ferson', '2005-09-08', 'West High School', 'accepted');
insert into users (username, password, first_name, last_name, birth_date, school_name, status) values ('dwoodhouse11', 'zgSpjs', 'Dolley', 'Woodhouse', '2002-01-03', 'West High School', 'accepted');
insert into users (username, password, first_name, last_name, birth_date, school_name, status) values ('cmillberg12', 'ehWNwjc', 'Care', 'Millberg', '2002-11-24', 'West High School', 'accepted');
insert into users (username, password, first_name, last_name, birth_date, school_name, status) values ('tpattinson13', 'Wyuz11s', 'Tan', 'Pattinson', '1982-05-13', 'East High School', 'accepted');
insert into users (username, password, first_name, last_name, birth_date, school_name, status) values ('jgwilt14', 'twlZVMr', 'Jennilee', 'Gwilt', '1988-04-15', 'South High School', 'accepted');
insert into users (username, password, first_name, last_name, birth_date, school_name, status) values ('dmclean15', 'FeSZnntasQ1h', 'Denice', 'McLean', '1966-11-10', 'West High School', 'accepted');
insert into users (username, password, first_name, last_name, birth_date, school_name, status) values ('jlumby16', 'SvlHRzY', 'Jinny', 'Lumby', '1982-04-22', 'East High School', 'accepted');
insert into users (username, password, first_name, last_name, birth_date, school_name, status) values ('mdivers17', 'OuE780jsmsjY', 'Mariann', 'Divers', '1977-01-30', 'West High School', 'accepted');
insert into users (username, password, first_name, last_name, birth_date, school_name, status) values ('aduffitt18', 'Iy8ZPI', 'Ailyn', 'Duffitt', '1991-05-24', 'East High School', 'accepted');
insert into users (username, password, first_name, last_name, birth_date, school_name, status) values ('sbolstridge19', '6FxYTL8MJhH', 'Sunny', 'Bolstridge', '1971-05-07', 'West High School', 'accepted');
insert into users (username, password, first_name, last_name, birth_date, school_name, status) values ('bchumley1a', 'MoRdNmYu5Eh', 'Benton', 'Chumley', '1993-11-26', 'East High School', 'accepted');
insert into users (username, password, first_name, last_name, birth_date, school_name, status) values ('mwincom1b', 'zyW31ZZ1wBc', 'Mata', 'Wincom', '1965-10-23', 'West High School', 'accepted');
insert into users (username, password, first_name, last_name, birth_date, school_name, status) values ('ascherme1c', 'xLVA9v', 'Alecia', 'Scherme', '1979-11-21', 'South High School', 'accepted');
insert into users (username, password, first_name, last_name, birth_date, school_name, status) values ('dhemstead1d', '78Wm8Ryyn4k', 'Duff', 'Hemstead', '1968-02-20', 'East High School', 'accepted');
insert into users (username, password, first_name, last_name, birth_date, school_name, status) values ('sgrigor1e', 'alXGRFP', 'Sigismund', 'Grigor', '1965-01-04', 'West High School', 'accepted');
insert into users (username, password, first_name, last_name, birth_date, school_name, status) values ('dshortcliffe1f', 'XuslBD', 'Doralynn', 'Shortcliffe', '1992-07-17', 'South High School', 'accepted');
insert into users (username, password, first_name, last_name, birth_date, school_name, status) values ('sferagh1g', 'ICE1LnOpe4z', 'Staffard', 'Feragh', '1966-11-25', 'South High School', 'accepted');
insert into users (username, password, first_name, last_name, birth_date, school_name, status) values ('ndensie1h', 'z9vvpw85ppJ', 'Nicholle', 'Densie', '1963-05-04', 'West High School', 'accepted');
insert into users (username, password, first_name, last_name, birth_date, school_name, status) values ('mcrimpe1i', '1WCGTI', 'Mycah', 'Crimpe', '1988-01-31', 'East High School', 'accepted');
insert into users (username, password, first_name, last_name, birth_date, school_name, status) values ('mborthe1j', 'QfRFwnTh', 'Merilee', 'Borthe', '1973-01-30', 'South High School', 'accepted');
insert into users (username, password, first_name, last_name, birth_date, school_name, status) values ('chuguenet1k', 'nWmsGMlGNAQ', 'Cthrine', 'Huguenet', '1995-11-05', 'South High School', 'accepted');
insert into users (username, password, first_name, last_name, birth_date, school_name, status) values ('predwing1l', 'gsuHZ08RTjs', 'Pate', 'Redwing', '2004-04-23', 'South High School', 'accepted');
insert into users (username, password, first_name, last_name, birth_date, school_name, status) values ('rdemeza1m', 'PludI1d', 'Remus', 'Demeza', '1993-11-16', 'South High School', 'accepted');
insert into users (username, password, first_name, last_name, birth_date, school_name, status) values ('hzanotti1n', 'bD2D0wo', 'Henrik', 'Zanotti', '2003-10-13', 'North High School', 'accepted');
insert into users (username, password, first_name, last_name, birth_date, school_name, status) values ('tmcgrey1o', 'bXpe1QpZ', 'Tova', 'McGrey', '1985-11-06', 'East High School', 'accepted');
insert into users (username, password, first_name, last_name, birth_date, school_name, status) values ('abakey1p', 'yG7qEkP', 'Antoinette', 'Bakey', '1976-01-21', 'West High School', 'accepted');
insert into users (username, password, first_name, last_name, birth_date, school_name, status) values ('gjeggo1q', 'eQ7lsm2', 'Gwendolyn', 'Jeggo', '1994-03-07', 'South High School', 'accepted');
insert into users (username, password, first_name, last_name, birth_date, school_name, status) values ('ctwatt1r', 'anoxzW6', 'Corrina', 'Twatt', '1988-12-24', 'South High School', 'accepted');
insert into users (username, password, first_name, last_name, birth_date, school_name, status) values ('bedgar1s', 'cAluVNwHDDNF', 'Brigit', 'Edgar', '1966-08-04', 'North High School', 'accepted');
insert into users (username, password, first_name, last_name, birth_date, school_name, status) values ('mferrino1t', 'RKLyqIHY', 'Mirabella', 'Ferrino', '1992-09-05', 'East High School', 'accepted');
insert into users (username, password, first_name, last_name, birth_date, school_name, status) values ('stowle1u', 'Phz8OiSD51', 'Stacee', 'Towle', '2003-03-28', 'East High School', 'accepted');
insert into users (username, password, first_name, last_name, birth_date, school_name, status) values ('tmeneer1v', 'kv0tjva9xK', 'Torie', 'Meneer', '1966-05-12', 'East High School', 'accepted');
insert into users (username, password, first_name, last_name, birth_date, school_name, status) values ('gcastelot1w', 'Zvx2SHYARHs', 'Geri', 'Castelot', '1994-12-21', 'North High School', 'accepted');
insert into users (username, password, first_name, last_name, birth_date, school_name, status) values ('dgherardelli1x', 'jGUDpmgH', 'Duffy', 'Gherardelli', '1992-04-20', 'East High School', 'accepted');
insert into users (username, password, first_name, last_name, birth_date, school_name, status) values ('rdovermann1y', '99aSI0vY', 'Rozele', 'Dovermann', '2007-09-04', 'West High School', 'accepted');
insert into users (username, password, first_name, last_name, birth_date, school_name, status) values ('etuny0', 'uIC9gD4diN', 'Elnora', 'Tuny', '1977-05-17', 'West High School', 'pending manager');
insert into users (username, password, first_name, last_name, birth_date, school_name, status) values ('pbroddle1', 'sWSs2xEJ', 'Patton', 'Broddle', '1960-10-20', 'North High School', 'pending manager');
insert into users (username, password, first_name, last_name, birth_date, school_name, status) values ('bcherrington2', 'nC21RYd', 'Brinn', 'Cherrington', '1970-08-22', 'South High School', 'pending manager');
insert into users (username, password, first_name, last_name, birth_date, school_name, status) values ('cmclaverty0', 'En63W6l6D', 'Colver', 'McLaverty', '1988-05-26', 'East High School', 'pending teacher');
insert into users (username, password, first_name, last_name, birth_date, school_name, status) values ('mlowndsbrough1', 'drRpAhdi', 'Mame', 'Lowndsbrough', '1982-02-14', 'East High School', 'pending teacher');
insert into users (username, password, first_name, last_name, birth_date, school_name, status) values ('jgrigoletti2', 'WoPMhk5ecAF', 'Jacinda', 'Grigoletti', '1998-08-10', 'East High School', 'pending teacher');
insert into users (username, password, first_name, last_name, birth_date, school_name, status) values ('mmaidlow3', 'qHS6zwrij', 'Mikey', 'Maidlow', '1970-10-07', 'East High School', 'pending teacher');
insert into users (username, password, first_name, last_name, birth_date, school_name, status) values ('ecarabine4', 'g9QJ9RPgj6F', 'Emmanuel', 'Carabine', '1996-06-14', 'East High School', 'pending teacher');
insert into users (username, password, first_name, last_name, birth_date, school_name, status) values ('eandreazzi5', 'nNpze9uIBT', 'Edmund', 'Andreazzi', '2004-12-23', 'East High School', 'pending teacher');
insert into users (username, password, first_name, last_name, birth_date, school_name, status) values ('agresswood6', 'xgSEHZrCJ0', 'Abigael', 'Gresswood', '1980-09-16', 'North High School', 'pending student');
insert into users (username, password, first_name, last_name, birth_date, school_name, status) values ('sdymoke7', 'EtJ6wTvHuB', 'Shelton', 'Dymoke', '1986-09-29', 'South High School', 'pending student');
insert into users (username, password, first_name, last_name, birth_date, school_name, status) values ('akadd8', 'T9EKPEmm', 'Avrom', 'Kadd', '2000-01-05', 'East High School', 'pending teacher');
insert into users (username, password, first_name, last_name, birth_date, school_name, status) values ('rfrostick9', 'JYHqoF', 'Raye', 'Frostick', '1971-03-20', 'West High School', 'pending teacher');
insert into users (username, password, first_name, last_name, birth_date, school_name, status) values ('cbartozzia', 'ieafC0iS', 'Cornie', 'Bartozzi', '1994-01-16', 'South High School', 'pending teacher');
insert into users (username, password, first_name, last_name, birth_date, school_name, status) values ('kpoveleb', 'q0999c99cUt7', 'Karoline', 'Povele', '1981-04-27', 'East High School', 'pending teacher');
insert into users (username, password, first_name, last_name, birth_date, school_name, status) values ('ptunnyc', '7Qf7MCnUk', 'Petra', 'Tunny', '1995-04-06', 'West High School', 'pending student');
insert into users (username, password, first_name, last_name, birth_date, school_name, status) values ('breeksd', 'eYn2TL', 'Burnard', 'Reeks', '1973-03-17', 'South High School', 'pending teacher');
insert into users (username, password, first_name, last_name, birth_date, school_name, status) values ('mkelberere', 'WTCkywY', 'Mahala', 'Kelberer', '1967-07-15', 'North High School', 'pending student');




INSERT INTO users (username, password, first_name, last_name, birth_date, school_name) VALUES
('steve_walker', 'pass789', 'Steve', 'Walker', '1993-07-14', 'West High School'),
('lisa_taylor', 'passabc', 'Lisa', 'Taylor', '1995-09-28', 'South High School'),
('natalie_thomas', 'passxyz', 'Natalie', 'Thomas', '1996-04-17', 'East High School'),
('olivia_white', 'pass456', 'Olivia', 'White', '1992-08-11', 'North High School'),
('victoria_martinez', 'passabc', 'Victoria', 'Martinez', '1997-05-09', 'South High School'),
('daniel_king', 'passdef', 'Daniel', 'King', '1991-03-25', 'East High School'),
('grace_wright', 'passxyz', 'Grace', 'Wright', '1998-06-07', 'East High School'),
('ryan_bell', 'pass123', 'Ryan', 'Bell', '1990-09-18', 'West High School'),
('michael_lee', 'pass789', 'Michael', 'Lee', '1997-02-14', 'North High School'),
('samantha_harris', 'passabc', 'Samantha', 'Harris', '1993-07-26', 'East High School'),
('joshua_thompson', 'passdef', 'Joshua', 'Thompson', '1995-10-09', 'South High School'),
('abigail_nelson', 'passxyz', 'Abigail', 'Nelson', '1992-05-21', 'North High School'),
('hannah_cook', 'pass456', 'Hannah', 'Cook', '1991-11-16', 'North High School'),
('ethan_morgan', 'pass789', 'Ethan', 'Morgan', '1996-01-28', 'North High School'),
('ava_hill', 'passabc', 'Ava', 'Hill', '1999-03-11', 'West High School');

INSERT INTO manager (username, school_name) VALUES
('steve_walker', 'West High School'),
('grace_wright', 'East High School'),
('michael_lee', 'North High School'),
('joshua_thompson', 'South High School');

INSERT INTO students_teachers (username, role, school_name) VALUES
('ava_hill', 'student', 'West High School'),
('samantha_harris', 'teacher', 'East High School'),
('hannah_cook', 'student', 'North High School'),
('ethan_morgan', 'student', 'North High School'),
('abigail_nelson', 'teacher', 'North High School'),
('olivia_white', 'teacher', 'North High School'),
('lisa_taylor', 'student', 'South High School'),
('natalie_thomas', 'student', 'East High School'),
('victoria_martinez', 'teacher', 'South High School'),
('ryan_bell', 'student', 'West High School');

insert into students_teachers (username, school_name, role) values ('abakey1p', 'West High School', 'student');
insert into students_teachers (username, school_name, role) values ('abreffitq', 'North High School', 'student');
insert into students_teachers (username, school_name, role) values ('aduffitt18', 'East High School', 'student');
insert into students_teachers (username, school_name, role) values ('amynard5', 'East High School', 'student');
insert into students_teachers (username, school_name, role) values ('apitrolloc', 'West High School', 'student');
insert into students_teachers (username, school_name, role) values ('ascherme1c', 'South High School', 'student');
insert into students_teachers (username, school_name, role) values ('aturesr', 'East High School', 'student');
insert into students_teachers (username, school_name, role) values ('bchumley1a', 'East High School', 'teacher');
insert into students_teachers (username, school_name, role) values ('bedgar1s', 'North High School', 'student');
insert into students_teachers (username, school_name, role) values ('bhanssmannh', 'North High School', 'student');
insert into students_teachers (username, school_name, role) values ('chatchmanw', 'West High School', 'teacher');
insert into students_teachers (username, school_name, role) values ('chuguenet1k', 'South High School', 'student');
insert into students_teachers (username, school_name, role) values ('cmillberg12', 'West High School', 'student');
insert into students_teachers (username, school_name, role) values ('ctwatt1r', 'South High School', 'student');
insert into students_teachers (username, school_name, role) values ('cverriouro', 'West High School', 'student');
insert into students_teachers (username, school_name, role) values ('dchippink', 'South High School', 'student');
insert into students_teachers (username, school_name, role) values ('dgherardelli1x', 'East High School', 'teacher');
insert into students_teachers (username, school_name, role) values ('dhemstead1d', 'East High School', 'student');
insert into students_teachers (username, school_name, role) values ('dmclean15', 'West High School', 'teacher');
insert into students_teachers (username, school_name, role) values ('dscanlann', 'North High School', 'teacher');
insert into students_teachers (username, school_name, role) values ('dshortcliffe1f', 'South High School', 'student');
insert into students_teachers (username, school_name, role) values ('dwoodhouse11', 'West High School', 'student');
insert into students_teachers (username, school_name, role) values ('dwordesworthe', 'East High School', 'teacher');
insert into students_teachers (username, school_name, role) values ('esparrowez', 'East High School', 'student');
insert into students_teachers (username, school_name, role) values ('esummerill9', 'East High School', 'teacher');
insert into students_teachers (username, school_name, role) values ('fpowery', 'West High School', 'student');
insert into students_teachers (username, school_name, role) values ('frodwellt', 'West High School', 'teacher');
insert into students_teachers (username, school_name, role) values ('fwardhawl', 'East High School', 'student');
insert into students_teachers (username, school_name, role) values ('gcastelot1w', 'North High School', 'teacher');
insert into students_teachers (username, school_name, role) values ('gcrammyx', 'West High School', 'student');
insert into students_teachers (username, school_name, role) values ('gjeggo1q', 'South High School', 'student');
insert into students_teachers (username, school_name, role) values ('gtriplettj', 'North High School', 'student');
insert into students_teachers (username, school_name, role) values ('hzanotti1n', 'North High School', 'student');
insert into students_teachers (username, school_name, role) values ('jchadneyf', 'East High School', 'teacher');
insert into students_teachers (username, school_name, role) values ('jfruishm', 'East High School', 'teacher');
insert into students_teachers (username, school_name, role) values ('jgwilt14', 'South High School', 'student');
insert into students_teachers (username, school_name, role) values ('jlumby16', 'East High School', 'student');
insert into students_teachers (username, school_name, role) values ('jtunstall7', 'East High School', 'student');
insert into students_teachers (username, school_name, role) values ('kcurms', 'East High School', 'student');
insert into students_teachers (username, school_name, role) values ('kdryden2', 'North High School', 'student');
insert into students_teachers (username, school_name, role) values ('kmagora', 'South High School', 'student');
insert into students_teachers (username, school_name, role) values ('mandrzejczak1', 'West High School', 'student');
insert into students_teachers (username, school_name, role) values ('mborthe1j', 'South High School', 'student');
insert into students_teachers (username, school_name, role) values ('mcrimpe1i', 'East High School', 'student');
insert into students_teachers (username, school_name, role) values ('mdemorena4', 'West High School', 'student');
insert into students_teachers (username, school_name, role) values ('mdivers17', 'West High School', 'teacher');
insert into students_teachers (username, school_name, role) values ('mferrino1t', 'East High School', 'student');
insert into students_teachers (username, school_name, role) values ('mterringtond', 'West High School', 'student');
insert into students_teachers (username, school_name, role) values ('mwincom1b', 'West High School', 'student');
insert into students_teachers (username, school_name, role) values ('nattewell0', 'North High School', 'student');
insert into students_teachers (username, school_name, role) values ('ndensie1h', 'West High School', 'teacher');
insert into students_teachers (username, school_name, role) values ('osnyder6', 'North High School', 'student');
insert into students_teachers (username, school_name, role) values ('predwing1l', 'South High School', 'student');
insert into students_teachers (username, school_name, role) values ('ralmey3', 'North High School', 'student');
insert into students_teachers (username, school_name, role) values ('rdemeza1m', 'South High School', 'student');
insert into students_teachers (username, school_name, role) values ('rdovermann1y', 'West High School', 'student');
insert into students_teachers (username, school_name, role) values ('rfelmingham8', 'South High School', 'teacher');
insert into students_teachers (username, school_name, role) values ('rferson10', 'West High School', 'student');
insert into students_teachers (username, school_name, role) values ('sbackshallu', 'West High School', 'student');
insert into students_teachers (username, school_name, role) values ('sbolstridge19', 'West High School', 'student');
insert into students_teachers (username, school_name, role) values ('sferagh1g', 'South High School', 'teacher');
insert into students_teachers (username, school_name, role) values ('sgrigor1e', 'West High School', 'student');
insert into students_teachers (username, school_name, role) values ('stowle1u', 'East High School', 'teacher');
insert into students_teachers (username, school_name, role) values ('tmcgrey1o', 'East High School', 'student');
insert into students_teachers (username, school_name, role) values ('tmeneer1v', 'East High School', 'teacher');
insert into students_teachers (username, school_name, role) values ('tpattinson13', 'East High School', 'student');
insert into students_teachers (username, school_name, role) values ('tspowartp', 'East High School', 'student');
insert into students_teachers (username, school_name, role) values ('tsummergillb', 'West High School', 'student');
insert into students_teachers (username, school_name, role) values ('vhandesi', 'East High School', 'student');
insert into students_teachers (username, school_name, role) values ('wbollamg', 'North High School', 'teacher');
insert into students_teachers (username, school_name, role) values ('wmccasterv', 'South High School', 'teacher');
insert into students_teachers (username, school_name, role) values ('stud123', 'North High School', 'student');


insert into book_school_unit (ISBN, school_name, available_copies) values (1234567890, 'North High School', 4);
insert into book_school_unit (ISBN, school_name, available_copies) values (9814563278, 'North High School', 2);
insert into book_school_unit (ISBN, school_name, available_copies) values (9876543210, 'North High School', 2);
insert into book_school_unit (ISBN, school_name, available_copies) values (9780060549701, 'South High School', 2);
insert into book_school_unit (ISBN, school_name, available_copies) values (9780061120084, 'East High School', 5);
insert into book_school_unit (ISBN, school_name, available_copies) values (9780061122415, 'West High School', 3);
insert into book_school_unit (ISBN, school_name, available_copies) values (9780061728970, 'East High School', 5);
insert into book_school_unit (ISBN, school_name, available_copies) values (9780062073488, 'East High School', 1);
insert into book_school_unit (ISBN, school_name, available_copies) values (9780062413620, 'East High School', 6);
insert into book_school_unit (ISBN, school_name, available_copies) values (9780062427134, 'South High School', 4);
insert into book_school_unit (ISBN, school_name, available_copies) values (9780062870524, 'West High School', 3);
insert into book_school_unit (ISBN, school_name, available_copies) values (9780062912568, 'North High School', 3);
insert into book_school_unit (ISBN, school_name, available_copies) values (9780140447936, 'North High School', 6);
insert into book_school_unit (ISBN, school_name, available_copies) values (9780140449086, 'South High School', 1);
insert into book_school_unit (ISBN, school_name, available_copies) values (9780141187761, 'North High School', 3);
insert into book_school_unit (ISBN, school_name, available_copies) values (9780143036531, 'East High School', 3);
insert into book_school_unit (ISBN, school_name, available_copies) values (9780307387159, 'West High School', 1);
insert into book_school_unit (ISBN, school_name, available_copies) values (9780316017830, 'East High School', 3);
insert into book_school_unit (ISBN, school_name, available_copies) values (9780316017930, 'West High School', 2);
insert into book_school_unit (ISBN, school_name, available_copies) values (9780316074239, 'South High School', 6);
insert into book_school_unit (ISBN, school_name, available_copies) values (9780316601950, 'East High School', 3);
insert into book_school_unit (ISBN, school_name, available_copies) values (9780345370771, 'South High School', 3);
insert into book_school_unit (ISBN, school_name, available_copies) values (9780345391803, 'East High School', 2);
insert into book_school_unit (ISBN, school_name, available_copies) values (9780345538376, 'South High School', 6);
insert into book_school_unit (ISBN, school_name, available_copies) values (9780345803481, 'South High School', 2);
insert into book_school_unit (ISBN, school_name, available_copies) values (9780345806401, 'West High School', 5);
insert into book_school_unit (ISBN, school_name, available_copies) values (9780374308068, 'East High School', 6);
insert into book_school_unit (ISBN, school_name, available_copies) values (9780375714832, 'East High School', 4);
insert into book_school_unit (ISBN, school_name, available_copies) values (9780385346996, 'North High School', 6);
insert into book_school_unit (ISBN, school_name, available_copies) values (9780385490818, 'East High School', 4);
insert into book_school_unit (ISBN, school_name, available_copies) values (9780385517255, 'South High School', 6);
insert into book_school_unit (ISBN, school_name, available_copies) values (9780385536073, 'North High School', 1);
insert into book_school_unit (ISBN, school_name, available_copies) values (9780385543781, 'South High School', 6);
insert into book_school_unit (ISBN, school_name, available_copies) values (9780393328010, 'South High School', 6);
insert into book_school_unit (ISBN, school_name, available_copies) values (9780393356687, 'South High School', 1);
insert into book_school_unit (ISBN, school_name, available_copies) values (9780399590613, 'South High School', 5);
insert into book_school_unit (ISBN, school_name, available_copies) values (9780439139601, 'South High School', 3);
insert into book_school_unit (ISBN, school_name, available_copies) values (9780449221431, 'North High School', 1);
insert into book_school_unit (ISBN, school_name, available_copies) values (9780451233497, 'South High School', 3);
insert into book_school_unit (ISBN, school_name, available_copies) values (9780451476169, 'West High School', 5);
insert into book_school_unit (ISBN, school_name, available_copies) values (9780521642586, 'North High School', 4);
insert into book_school_unit (ISBN, school_name, available_copies) values (9780525436147, 'North High School', 1);
insert into book_school_unit (ISBN, school_name, available_copies) values (9780525475064, 'South High School', 2);
insert into book_school_unit (ISBN, school_name, available_copies) values (9780525520381, 'North High School', 6);
insert into book_school_unit (ISBN, school_name, available_copies) values (9780525534967, 'West High School', 6);
insert into book_school_unit (ISBN, school_name, available_copies) values (9780525536291, 'North High School', 6);
insert into book_school_unit (ISBN, school_name, available_copies) values (9780525555360, 'South High School', 5);
insert into book_school_unit (ISBN, school_name, available_copies) values (9780525564019, 'South High School', 3);
insert into book_school_unit (ISBN, school_name, available_copies) values (9780525565085, 'North High School', 5);
insert into book_school_unit (ISBN, school_name, available_copies) values (9780525568820, 'North High School', 6);
insert into book_school_unit (ISBN, school_name, available_copies) values (9780552145428, 'East High School', 5);
insert into book_school_unit (ISBN, school_name, available_copies) values (9780553384117, 'West High School', 6);
insert into book_school_unit (ISBN, school_name, available_copies) values (9780571242929, 'North High School', 2);
insert into book_school_unit (ISBN, school_name, available_copies) values (9780575087057, 'South High School', 1);
insert into book_school_unit (ISBN, school_name, available_copies) values (9780575090996, 'North High School', 1);
insert into book_school_unit (ISBN, school_name, available_copies) values (9780593099322, 'South High School', 5);
insert into book_school_unit (ISBN, school_name, available_copies) values (9780593312957, 'North High School', 4);
insert into book_school_unit (ISBN, school_name, available_copies) values (9780593350734, 'North High School', 1);
insert into book_school_unit (ISBN, school_name, available_copies) values (9780679755333, 'East High School', 2);
insert into book_school_unit (ISBN, school_name, available_copies) values (9780679773369, 'North High School', 1);
insert into book_school_unit (ISBN, school_name, available_copies) values (9780735211286, 'South High School', 4);
insert into book_school_unit (ISBN, school_name, available_copies) values (9780743267808, 'West High School', 2);
insert into book_school_unit (ISBN, school_name, available_copies) values (9780743273265, 'South High School', 6);
insert into book_school_unit (ISBN, school_name, available_copies) values (9780743273565, 'West High School', 3);
insert into book_school_unit (ISBN, school_name, available_copies) values (9780747532743, 'East High School', 1);
insert into book_school_unit (ISBN, school_name, available_copies) values (9780747574494, 'East High School', 6);
insert into book_school_unit (ISBN, school_name, available_copies) values (9780802145907, 'North High School', 1);
insert into book_school_unit (ISBN, school_name, available_copies) values (9780802714636, 'East High School', 4);
insert into book_school_unit (ISBN, school_name, available_copies) values (9780804139021, 'North High School', 1);
insert into book_school_unit (ISBN, school_name, available_copies) values (9780812988406, 'South High School', 1);
insert into book_school_unit (ISBN, school_name, available_copies) values (9781250207209, 'East High School', 5);
insert into book_school_unit (ISBN, school_name, available_copies) values (9781250237231, 'South High School', 6);
insert into book_school_unit (ISBN, school_name, available_copies) values (9781250272814, 'West High School', 1);
insert into book_school_unit (ISBN, school_name, available_copies) values (9781250622083, 'East High School', 6);
insert into book_school_unit (ISBN, school_name, available_copies) values (9781250772809, 'East High School', 5);
insert into book_school_unit (ISBN, school_name, available_copies) values (9781400033416, 'East High School', 5);
insert into book_school_unit (ISBN, school_name, available_copies) values (9781400033423, 'East High School', 1);
insert into book_school_unit (ISBN, school_name, available_copies) values (9781400067826, 'East High School', 3);
insert into book_school_unit (ISBN, school_name, available_copies) values (9781400067944, 'East High School', 6);
insert into book_school_unit (ISBN, school_name, available_copies) values (9781400079988, 'West High School', 5);
insert into book_school_unit (ISBN, school_name, available_copies) values (9781455586691, 'North High School', 2);
insert into book_school_unit (ISBN, school_name, available_copies) values (9781472154668, 'West High School', 6);
insert into book_school_unit (ISBN, school_name, available_copies) values (9781476746586, 'East High School', 2);
insert into book_school_unit (ISBN, school_name, available_copies) values (9781501129042, 'North High School', 5);
insert into book_school_unit (ISBN, school_name, available_copies) values (9781501132872, 'West High School', 1);
insert into book_school_unit (ISBN, school_name, available_copies) values (9781501173219, 'East High School', 5);
insert into book_school_unit (ISBN, school_name, available_copies) values (9781501173229, 'West High School', 1);
insert into book_school_unit (ISBN, school_name, available_copies) values (9781524714780, 'East High School', 4);
insert into book_school_unit (ISBN, school_name, available_copies) values (9781538717487, 'East High School', 1);
insert into book_school_unit (ISBN, school_name, available_copies) values (9781555976903, 'East High School', 4);
insert into book_school_unit (ISBN, school_name, available_copies) values (9781591847626, 'South High School', 4);

INSERT INTO book_school_unit (ISBN, school_name, available_copies) VALUES
(9780743212005, 'West High School', 4),
(9780143134311, 'East High School', 5),
(9780262539195, 'North High School', 3),
(9780452284234, 'West High School', 2),
(9780316013697, 'North High School', 1),
(9780142437200, 'East High School', 6),
(9780593318171, 'South High School', 7),
(9780593312957, 'South High School', 2),
(9780525534969, 'North High School', 3),
(9781593275990, 'West High School', 2);

INSERT INTO administrator (username) VALUES
('daniel_king');

INSERT INTO borrow (reserve_date, return_date, borrow_date, status, ISBN, username, date) VALUES
(STR_TO_DATE('22-05-2023', '%d-%m-%Y'), STR_TO_DATE('02-06-2023', '%d-%m-%Y'), STR_TO_DATE('26-05-2023', '%d-%m-%Y'), 'lended', 9780743212005, 'ava_hill', '2023-05-21'),
(STR_TO_DATE('24-05-2023', '%d-%m-%Y'), NULL, NULL, 'reserved', 9780143134311 ,'samantha_harris', '2023-05-23'),
(NULL, NULL, NULL, 'pending', 9780525534969, 'ethan_morgan', '2023-05-29'),
(STR_TO_DATE('27-05-2023', '%d-%m-%Y'), STR_TO_DATE('04-06-2023', '%d-%m-%Y'), STR_TO_DATE('28-05-2023', '%d-%m-%Y'), 'lended', 9780316013697, 'hannah_cook','2023-05-26'),
(NULL, NULL, NULL, 'pending', 9780525534969, 'abigail_nelson', '2023-05-29'),
(STR_TO_DATE('24-05-2023', '%d-%m-%Y'), STR_TO_DATE('04-06-2023', '%d-%m-%Y'), STR_TO_DATE('28-05-2023', '%d-%m-%Y'), 'lended', 9780593312957 , 'lisa_taylor', '2023-05-23'),
(STR_TO_DATE('28-05-2023', '%d-%m-%Y'), NULL, NULL, 'reserved', 9780525534969,'olivia_white', '2023-05-27'),
(STR_TO_DATE('10-10-2022', '%d-%m-%Y'), STR_TO_DATE('22-10-2022', '%d-%m-%Y'), STR_TO_DATE('15-10-2022', '%d-%m-%Y'), 'due return', 9780142437200 , 'natalie_thomas', '2022-10-09'),
(STR_TO_DATE('27-05-2023', '%d-%m-%Y'), STR_TO_DATE('03-06-2023', '%d-%m-%Y'), STR_TO_DATE('27-05-2023', '%d-%m-%Y'), 'lended', 9780593318171 , 'victoria_martinez', '2023-05-26'),
(STR_TO_DATE('29-05-2023', '%d-%m-%Y'), STR_TO_DATE('05-06-2023', '%d-%m-%Y'), STR_TO_DATE('29-05-2023', '%d-%m-%Y'), 'lended', 9780452284234 , 'ryan_bell', '2023-05-28');


insert into borrow (reserve_date, return_date, borrow_date, status, ISBN, username, date) values ('2022-01-27', '2022-02-06', '2022-01-30', 'returned', 9780525520381, 'abreffitq', '2022-01-26');
insert into borrow (reserve_date, return_date, borrow_date, status, ISBN, username, date) values ('2022-11-26', '2022-12-04', '2022-11-27', 'returned', 9780575090996, 'bedgar1s', '2022-11-25');
insert into borrow (reserve_date, return_date, borrow_date, status, ISBN, username, date) values ('2023-05-24', null, null, 'reserved', 1234567890, 'bhanssmannh', '2023-05-23');
insert into borrow (reserve_date, return_date, borrow_date, status, ISBN, username, date) values ('2023-05-24', null, null, 'reserved', 9780571242929, 'gtriplettj', '2023-05-23');
insert into borrow (reserve_date, return_date, borrow_date, status, ISBN, username, date) values ('2023-05-25', '2023-06-02', '2023-05-26', 'lended', 9780571242929, 'hzanotti1n', '2023-05-24');
insert into borrow (reserve_date, return_date, borrow_date, status, ISBN, username, date) values ('2023-05-23', '2023-06-01', '2023-05-25', 'lended', 1234567890, 'kdryden2', '2023-05-02');
insert into borrow (reserve_date, return_date, borrow_date, status, ISBN, username, date) values ('2023-05-09', '2023-05-28', '2023-05-28', 'due return', 9780385536073, 'nattewell0', '2023-05-08');
insert into borrow (reserve_date, return_date, borrow_date, status, ISBN, username, date) values ('2023-05-10', '2023-05-21', '2023-05-14', 'due return', 9780525536291, 'osnyder6', '2023-05-09');
insert into borrow (reserve_date, return_date, borrow_date, status, ISBN, username, date) values ('2023-05-11', null, null, 'expired', 9780575090996, 'ralmey3', '2023-05-10');
insert into borrow (reserve_date, return_date, borrow_date, status, ISBN, username, date) values ('2023-05-24', null, null, 'reserved', 9780316017930, 'abakey1p', '2023-05-23');
insert into borrow (reserve_date, return_date, borrow_date, status, ISBN, username, date) values ('2023-05-22', null, null, 'reserved', 9781501173229, 'apitrolloc', '2023-05-21');
insert into borrow (reserve_date, return_date, borrow_date, status, ISBN, username, date) values ('2023-05-23', null, null, 'reserved', 9780345806401, 'chatchmanw', '2023-05-22');
insert into borrow (reserve_date, return_date, borrow_date, status, ISBN, username, date) values ('2023-05-24', null, null, 'reserved', 9781472154668, 'cmillberg12', '2023-05-23');
insert into borrow (reserve_date, return_date, borrow_date, status, ISBN, username, date) values ('2023-05-23', '2023-06-02', '2023-05-26', 'lended', 9780743267808, 'cverriouro', '2023-05-22');
insert into borrow (reserve_date, return_date, borrow_date, status, ISBN, username, date) values ('2023-05-24', '2023-06-01', '2023-05-25', 'lended', 9780061122415, 'dmclean15', '2023-05-23');
insert into borrow (reserve_date, return_date, borrow_date, status, ISBN, username, date) values ('2023-05-23', '2023-06-03', '2023-05-27', 'lended', 9780743267808, 'dwoodhouse11', '2023-05-22');
insert into borrow (reserve_date, return_date, borrow_date, status, ISBN, username, date) values ('2023-05-24', '2023-06-04', '2023-05-28', 'lended', 9780316017930, 'fpowery', '2023-05-23');
insert into borrow (reserve_date, return_date, borrow_date, status, ISBN, username, date) values ('2023-03-11', '2023-03-19', '2023-03-12', 'returned', 9780345806401, 'frodwellt', '2023-03-10');
insert into borrow (reserve_date, return_date, borrow_date, status, ISBN, username, date) values ('2023-02-16', '2023-02-27', '2023-02-20', 'returned', 9781400079988, 'gcrammyx', '2023-02-15');
insert into borrow (reserve_date, return_date, borrow_date, status, ISBN, username, date) values ('2021-09-04', '2021-09-17', '2021-09-10', 'due return', 9780743273565, 'mandrzejczak1', '2021-09-03');
insert into borrow (reserve_date, return_date, borrow_date, status, ISBN, username, date) values ('2022-01-25', '2022-02-04', '2022-01-28', 'due return', 9780061122415, 'mdemorena4', '2021-01-24');
insert into borrow (reserve_date, return_date, borrow_date, status, ISBN, username, date) values ('2023-05-05', null, null, 'expired', 9781400079988, 'mdivers17', '2023-05-04');
insert into borrow (reserve_date, return_date, borrow_date, status, ISBN, username, date) values ('2023-05-27', null, null, 'reserved', 9780062073488, 'aduffitt18', '2023-05-26');
insert into borrow (reserve_date, return_date, borrow_date, status, ISBN, username, date) values ('2023-04-12', '2023-04-21', '2023-04-14', 'due return', 9781250207209, 'amynard5', '2023-04-11');
insert into borrow (reserve_date, return_date, borrow_date, status, ISBN, username, date) values ('2023-05-25', null, null, 'reserved', 9781538717487, 'aturesr', '2023-05-24');
insert into borrow (reserve_date, return_date, borrow_date, status, ISBN, username, date) values ('2023-05-23', '2023-05-31', '2023-05-24', 'lended', 9781538717487, 'bchumley1a', '2023-05-22');
insert into borrow (reserve_date, return_date, borrow_date, status, ISBN, username, date) values ('2023-05-24', '2023-06-03', '2023-05-27', 'lended', 9780552145428, 'dgherardelli1x', '2023-05-23');
insert into borrow (reserve_date, return_date, borrow_date, status, ISBN, username, date) values ('2023-05-22', null, null, 'reserved', 9780385490818, 'dhemstead1d', '2023-05-21');
insert into borrow (reserve_date, return_date, borrow_date, status, ISBN, username, date) values ('2023-05-24', '2023-06-01', '2023-05-25', 'lended', 9780316601950, 'dwordesworthe', '2023-05-23');
insert into borrow (reserve_date, return_date, borrow_date, status, ISBN, username, date) values ('2023-05-27', null, null, 'reserved', 9781555976903, 'esparrowez', '2023-05-26');
insert into borrow (reserve_date, return_date, borrow_date, status, ISBN, username, date) values ('2023-05-25', '2023-06-06', '2023-05-30', 'lended', 9780802714636, 'esummerill9', '2023-05-24');
insert into borrow (reserve_date, return_date, borrow_date, status, ISBN, username, date) values ('2023-05-22', '2023-06-04', '2023-05-28', 'lended', 9780802714636, 'fwardhawl', '2023-05-21');
insert into borrow (reserve_date, return_date, borrow_date, status, ISBN, username, date) values ('2022-12-20', '2022-12-22', '2022-12-15', 'due return', 9781524714780, 'jchadneyf', '2022-12-19');
insert into borrow (reserve_date, return_date, borrow_date, status, ISBN, username, date) values ('2023-05-28', null, null, 'reserved', 9780062413620, 'jfruishm', '2023-05-27');
insert into borrow (reserve_date, return_date, borrow_date, status, ISBN, username, date) values ('2023-05-27', null, null, 'reserved', 9780747574494, 'jlumby16', '2023-05-26');
insert into borrow (reserve_date, return_date, borrow_date, status, ISBN, username, date) values ('2023-05-26', null, null, 'reserved', 9780345391803, 'jtunstall7', '2023-05-25');
insert into borrow (reserve_date, return_date, borrow_date, status, ISBN, username, date) values ('2023-05-29', '2023-06-07', '2023-05-31', 'lended', 9780345391803, 'kcurms', '2023-05-28');
insert into borrow (reserve_date, return_date, borrow_date, status, ISBN, username, date) values ('2023-05-27', '2023-06-09', '2023-06-02', 'lended', 9780743273265, 'ascherme1c', '2023-05-26');
insert into borrow (reserve_date, return_date, borrow_date, status, ISBN, username, date) values ('2023-05-27', '2023-06-06', '2023-05-30', 'lended', 9780345538376, 'chuguenet1k', '2023-05-26');
insert into borrow (reserve_date, return_date, borrow_date, status, ISBN, username, date) values ('2023-05-10', '2023-05-18', '2023-05-11', 'returned', 9780525564019, 'ctwatt1r', '2023-05-09');
insert into borrow (reserve_date, return_date, borrow_date, status, ISBN, username, date) values ('2023-05-23', '2023-06-04', '2023-05-28', 'lended', 9780345538376, 'dchippink', '2023-05-22');
insert into borrow (reserve_date, return_date, borrow_date, status, ISBN, username, date) values ('2023-05-25', null, null, 'reserved', 9780525555360, 'dshortcliffe1f', '2023-05-24');
insert into borrow (reserve_date, return_date, borrow_date, status, ISBN, username, date) values ('2023-05-25', '2023-06-01', '2023-05-25', 'lended', 9780060549701, 'gjeggo1q', '2023-05-24');
insert into borrow (reserve_date, return_date, borrow_date, status, ISBN, username, date) values ('2021-09-24', null, null, 'expired', 9780812988406, 'jgwilt14', '2021-09-23');
insert into borrow (reserve_date, return_date, borrow_date, status, ISBN, username, date) values ('2023-05-25', null, null, 'reserved', 9780345803481, 'kmagora', '2023-05-24');
insert into borrow (reserve_date, return_date, borrow_date, status, ISBN, username, date) values ('2023-05-29', null, null, 'reserved', 9780393328010, 'mborthe1j', '2023-05-28');
insert into borrow (reserve_date, return_date, borrow_date, status, ISBN, username, date) values ('2021-11-30', '2021-12-12', '2021-12-05', 'returned', 9780385543781, 'predwing1l', '2021-11-29');
insert into borrow (reserve_date, return_date, borrow_date, status, ISBN, username, date) values ('2022-02-21', '2022-02-28', '2022-02-21', 'returned', 9780593099322, 'rdemeza1m', '2022-02-20');
insert into borrow (reserve_date, return_date, borrow_date, status, ISBN, username, date) values ('2023-05-30', null, null, 'reserved', 9780062427134, 'rfelmingham8', '2023-05-29');
insert into borrow (reserve_date, return_date, borrow_date, status, ISBN, username, date) values ('2023-05-26', null, null, 'reserved', 9780812988406, 'sferagh1g', '2023-05-25');
insert into borrow (reserve_date, return_date, borrow_date, status, ISBN, username, date) values ('2023-03-09', '2023-03-19', '2023-03-12', 'due return', 9780345538376, 'wmccasterv', '2023-03-08');
insert into borrow (reserve_date, return_date, borrow_date, status, ISBN, username, date) values ('2023-05-26', '2023-06-04', '2023-05-28', 'lended', 9780439139601, 'chuguenet1k', '2023-05-25');
insert into borrow (reserve_date, return_date, borrow_date, status, ISBN, username, date) values ('2023-05-24', '2023-05-31', '2023-05-24', 'lended', 9780525564019, 'dshortcliffe1f', '2023-05-23');
insert into borrow (reserve_date, return_date, borrow_date, status, ISBN, username, date) values ('2023-05-25', null, null, 'reserved', 9780062427134, 'ascherme1c', '2023-05-24');
insert into borrow (reserve_date, return_date, borrow_date, status, ISBN, username, date) values ('2023-05-25', '2023-06-01', '2023-05-26', 'lended', 9780062870524, 'mterringtond', '2023-05-24');
insert into borrow (reserve_date, return_date, borrow_date, status, ISBN, username, date) values ('2023-05-23', '2023-05-31', '2023-05-24', 'lended', 9780451476169, 'abakey1p', '2023-05-22');
insert into borrow (reserve_date, return_date, borrow_date, status, ISBN, username, date) values ('2023-05-25', null, null, 'reserved', 9781524714780, 'tmcgrey1o', '2023-05-24');
insert into borrow (reserve_date, return_date, borrow_date, status, ISBN, username, date) values ('2023-05-26', null, null, 'reserved', 9780679773369, 'bedgar1s', '2023-05-25');

insert into borrow (reserve_date, return_date, borrow_date, status, ISBN, username, date) values ('2023-05-22', '2023-06-01', '2023-05-25', 'lended', 9780140447936, 'hannah_cook', '2023-05-21');
insert into borrow (reserve_date, return_date, borrow_date, status, ISBN, username, date) values ('2023-05-23', '2023-06-01', '2023-05-25', 'returned', 9780525520381, 'ethan_morgan', '2023-05-22');
insert into borrow (reserve_date, return_date, borrow_date, status, ISBN, username, date) values ('2023-05-23', '2023-06-03', '2023-05-27', 'lended', 9780804139019, 'abigail_nelson', '2023-05-22');
insert into borrow (reserve_date, return_date, borrow_date, status, ISBN, username, date) values ('2023-05-24', '2023-06-01', '2023-05-25', 'returned', 9781501129042, 'abreffitq', '2023-05-23');
insert into borrow (reserve_date, return_date, borrow_date, status, ISBN, username, date) values ('2023-05-24', '2023-06-04', '2023-05-28', 'lended', 9780593312957, 'ralmey3', '2023-05-23');
insert into borrow (reserve_date, return_date, borrow_date, status, ISBN, username, date) values ('2023-05-25', '2023-06-03', '2023-05-27', 'lended', 9780571242929, 'wbollamg', '2023-05-24');
insert into borrow (reserve_date, return_date, borrow_date, status, ISBN, username, date) values ('2023-05-25', '2023-06-02', '2023-05-26', 'returned', 9780525568820, 'dscanlann', '2023-05-24');
insert into borrow (reserve_date, return_date, borrow_date, status, ISBN, username, date) values ('2023-05-25', '2023-06-04', '2023-05-28', 'lended', 9814563278, 'ralmey3', '2023-05-24');
insert into borrow (reserve_date, return_date, borrow_date, status, ISBN, username, date) values ('2023-05-26', '2023-06-03', '2023-05-27', 'lended', 9780140447936, 'abreffitq', '2023-05-25');
insert into borrow (reserve_date, return_date, borrow_date, status, ISBN, username, date) values ('2023-05-27', '2023-06-04', '2023-05-28', 'lended', 9780062912568, 'ethan_morgan', '2023-05-26');
insert into borrow (reserve_date, return_date, borrow_date, status, ISBN, username, date) values ('2023-05-28', '2023-06-05', '2023-05-29', 'lended', 1234567890, 'bedgar1s', '2023-05-27');
insert into borrow (reserve_date, return_date, borrow_date, status, ISBN, username, date) values ('2023-05-28', '2023-06-07', '2023-05-31', 'lended', 9780525568820, 'stud123', '2023-05-27');
insert into borrow (reserve_date, return_date, borrow_date, status, ISBN, username, date) values ('2023-05-29', '2023-06-07', '2023-05-31', 'lended', 9876543210, 'stud123', '2023-05-28');

INSERT INTO categories (category_id, category_name) VALUES
(1,'Mystery & Thriller'),
(2, 'Science Fiction'),
(3, 'Fiction'),
(4, 'Nonfiction'),
(5, 'Philosophy'),
(6, 'Physics'),
(7, 'Fantasy'),
(8, 'Biography'),
(9, 'History'),
(10, 'Memoir'),
(11, 'Programming'),
(12, 'Drama'),
(13, 'Poetry'),
(14, 'Young Adult'),
(15, 'Science'),
(16, 'Romance'),
(17, 'True Crime'),
(18, 'Humor'),
(19, 'Computers & Technology'), 
(20, 'Sociology'),
(21, 'Autobiography'),
(22, 'Historical Fiction'),
(23, 'Legal Thriller'),
(24, 'Business'),
(25, 'Business & Money');


INSERT INTO book_categories (ISBN, category_id) VALUES
(9780743212005, 1),
(9780143134311, 3),
(9780262539195, 19),
(9780452284234, 3),
(9780316013697, 10),
(9780142437200, 3),
(9780142437200, 10),
(9780593318171, 10),
(9780593318171, 23),
(9780593312957, 10),
(9780525534969, 10),
(9781593275990, 11);

insert into book_categories (ISBN, category_id) values (1234567890, 8);
insert into book_categories (ISBN, category_id) values (9814563278, 24);
insert into book_categories (ISBN, category_id) values (9876543210, 1);
insert into book_categories (ISBN, category_id) values (9780060549701, 12);
insert into book_categories (ISBN, category_id) values (9780061120084, 4);
insert into book_categories (ISBN, category_id) values (9780061122415, 4);
insert into book_categories (ISBN, category_id) values (9780061728970, 20);
insert into book_categories (ISBN, category_id) values (9780062073488, 22);
insert into book_categories (ISBN, category_id) values (9780062413620, 12);
insert into book_categories (ISBN, category_id) values (9780062427134, 2);
insert into book_categories (ISBN, category_id) values (9780062870524, 3);
insert into book_categories (ISBN, category_id) values (9780062912568, 7);
insert into book_categories (ISBN, category_id) values (9780140447936, 8);
insert into book_categories (ISBN, category_id) values (9780140449086, 4);
insert into book_categories (ISBN, category_id) values (9780141187761, 17);
insert into book_categories (ISBN, category_id) values (9780143036531, 25);
insert into book_categories (ISBN, category_id) values (9780307387159, 7);
insert into book_categories (ISBN, category_id) values (9780316017830, 23);
insert into book_categories (ISBN, category_id) values (9780316017930, 15);
insert into book_categories (ISBN, category_id) values (9780316074239, 7);
insert into book_categories (ISBN, category_id) values (9780316601950, 10);
insert into book_categories (ISBN, category_id) values (9780345370771, 8);
insert into book_categories (ISBN, category_id) values (9780345391803, 2);
insert into book_categories (ISBN, category_id) values (9780345538376, 14);
insert into book_categories (ISBN, category_id) values (9780345803481, 15);
insert into book_categories (ISBN, category_id) values (9780345806401, 2);
insert into book_categories (ISBN, category_id) values (9780374308068, 19);
insert into book_categories (ISBN, category_id) values (9780375714832, 1);
insert into book_categories (ISBN, category_id) values (9780385490818, 7);
insert into book_categories (ISBN, category_id) values (9780385517255, 11);
insert into book_categories (ISBN, category_id) values (9780385536073, 14);
insert into book_categories (ISBN, category_id) values (9780385543781, 4);
insert into book_categories (ISBN, category_id) values (9780393328010, 15);
insert into book_categories (ISBN, category_id) values (9780393356687, 1);
insert into book_categories (ISBN, category_id) values (9780399590613, 7);
insert into book_categories (ISBN, category_id) values (9780439139601, 7);
insert into book_categories (ISBN, category_id) values (9780451233497, 2);
insert into book_categories (ISBN, category_id) values (9780451476169, 23);
insert into book_categories (ISBN, category_id) values (9780521642586, 12);
insert into book_categories (ISBN, category_id) values (9780525436147, 12);
insert into book_categories (ISBN, category_id) values (9780525475064, 19);
insert into book_categories (ISBN, category_id) values (9780525520381, 1);
insert into book_categories (ISBN, category_id) values (9780525534967, 21);
insert into book_categories (ISBN, category_id) values (9780525536291, 14);
insert into book_categories (ISBN, category_id) values (9780525555360, 10);
insert into book_categories (ISBN, category_id) values (9780525564019, 12);
insert into book_categories (ISBN, category_id) values (9780525565085, 1);
insert into book_categories (ISBN, category_id) values (9780525568820, 6);
insert into book_categories (ISBN, category_id) values (9780552145428, 25);
insert into book_categories (ISBN, category_id) values (9780553384117, 11);
insert into book_categories (ISBN, category_id) values (9780571242929, 2);
insert into book_categories (ISBN, category_id) values (9780575087057, 3);
insert into book_categories (ISBN, category_id) values (9780575090996, 17);
insert into book_categories (ISBN, category_id) values (9780593099322, 20);
insert into book_categories (ISBN, category_id) values (9780593312957, 17);
insert into book_categories (ISBN, category_id) values (9780593350734, 10);
insert into book_categories (ISBN, category_id) values (9780679755333, 25);
insert into book_categories (ISBN, category_id) values (9780679773369, 14);
insert into book_categories (ISBN, category_id) values (9780735211286, 21);
insert into book_categories (ISBN, category_id) values (9780743267808, 13);
insert into book_categories (ISBN, category_id) values (9780743273265, 13);
insert into book_categories (ISBN, category_id) values (9780743273565, 23);
insert into book_categories (ISBN, category_id) values (9780747532743, 5);
insert into book_categories (ISBN, category_id) values (9780747574494, 18);
insert into book_categories (ISBN, category_id) values (9780802145907, 21);
insert into book_categories (ISBN, category_id) values (9780802714636, 9);
insert into book_categories (ISBN, category_id) values (9780804139021, 4);
insert into book_categories (ISBN, category_id) values (9780812988406, 23);
insert into book_categories (ISBN, category_id) values (9781250207209, 14);
insert into book_categories (ISBN, category_id) values (9781250237231, 24);
insert into book_categories (ISBN, category_id) values (9781250272814, 1);
insert into book_categories (ISBN, category_id) values (9781250622083, 19);
insert into book_categories (ISBN, category_id) values (9781250772809, 23);
insert into book_categories (ISBN, category_id) values (9781400033416, 20);
insert into book_categories (ISBN, category_id) values (9781400033423, 22);
insert into book_categories (ISBN, category_id) values (9781400067826, 9);
insert into book_categories (ISBN, category_id) values (9781400067944, 22);
insert into book_categories (ISBN, category_id) values (9781400079988, 15);
insert into book_categories (ISBN, category_id) values (9781455586691, 16);
insert into book_categories (ISBN, category_id) values (9781472154668, 24);
insert into book_categories (ISBN, category_id) values (9781476746586, 11);
insert into book_categories (ISBN, category_id) values (9781501129042, 3);
insert into book_categories (ISBN, category_id) values (9781501132872, 24);
insert into book_categories (ISBN, category_id) values (9781501173219, 1);
insert into book_categories (ISBN, category_id) values (9781501173229, 15);
insert into book_categories (ISBN, category_id) values (9781524714780, 19);
insert into book_categories (ISBN, category_id) values (9781538717487, 4);
insert into book_categories (ISBN, category_id) values (9781555976903, 24);
insert into book_categories (ISBN, category_id) values (9781591847626, 19);
insert into book_categories (ISBN, category_id) values (1234567890, 20);
insert into book_categories (ISBN, category_id) values (9814563278, 13);
insert into book_categories (ISBN, category_id) values (9876543210, 13);
insert into book_categories (ISBN, category_id) values (9780060549701, 13);
insert into book_categories (ISBN, category_id) values (9780061120084, 10);
insert into book_categories (ISBN, category_id) values (9780061122415, 22);
insert into book_categories (ISBN, category_id) values (9780061728970, 9);
insert into book_categories (ISBN, category_id) values (9780062073488, 14);
insert into book_categories (ISBN, category_id) values (9780062413620, 20);
insert into book_categories (ISBN, category_id) values (9780062427134, 11);
insert into book_categories (ISBN, category_id) values (9780062912568, 6);
insert into book_categories (ISBN, category_id) values (9780140449086, 3);
insert into book_categories (ISBN, category_id) values (9780141187761, 23);
insert into book_categories (ISBN, category_id) values (9780143036531, 1);
insert into book_categories (ISBN, category_id) values (9780307387159, 1);
insert into book_categories (ISBN, category_id) values (9780316017830, 17);
insert into book_categories (ISBN, category_id) values (9780316017930, 24);
insert into book_categories (ISBN, category_id) values (9780316074239, 21);
insert into book_categories (ISBN, category_id) values (9780316601950, 18);
insert into book_categories (ISBN, category_id) values (9780345370771, 23);
insert into book_categories (ISBN, category_id) values (9780345391803, 20);
insert into book_categories (ISBN, category_id) values (9780345538376, 9);
insert into book_categories (ISBN, category_id) values (9780345803481, 6);
insert into book_categories (ISBN, category_id) values (9780345806401, 1);
insert into book_categories (ISBN, category_id) values (9780374308068, 12);
insert into book_categories (ISBN, category_id) values (9780375714832, 11);
insert into book_categories (ISBN, category_id) values (9780385346996, 24);
insert into book_categories (ISBN, category_id) values (9780385490818, 2);
insert into book_categories (ISBN, category_id) values (9780385517255, 1);
insert into book_categories (ISBN, category_id) values (9780385536073, 6);
insert into book_categories (ISBN, category_id) values (9780385543781, 24);
insert into book_categories (ISBN, category_id) values (9780393328010, 21);
insert into book_categories (ISBN, category_id) values (9780393356687, 8);
insert into book_categories (ISBN, category_id) values (9780399590613, 20);
insert into book_categories (ISBN, category_id) values (9780439139601, 22);
insert into book_categories (ISBN, category_id) values (9780449221431, 3);
insert into book_categories (ISBN, category_id) values (9780451233497, 10);
insert into book_categories (ISBN, category_id) values (9780451476169, 14);
insert into book_categories (ISBN, category_id) values (9780521642586, 2);
insert into book_categories (ISBN, category_id) values (9780525436147, 10);
insert into book_categories (ISBN, category_id) values (9780525475064, 9);
insert into book_categories (ISBN, category_id) values (9780525520381, 9);
insert into book_categories (ISBN, category_id) values (9780525534967, 18);
insert into book_categories (ISBN, category_id) values (9780525536291, 10);
insert into book_categories (ISBN, category_id) values (9780525555360, 17);
insert into book_categories (ISBN, category_id) values (9780525564019, 5);
insert into book_categories (ISBN, category_id) values (9780525565085, 23);
insert into book_categories (ISBN, category_id) values (9780525568820, 14);
insert into book_categories (ISBN, category_id) values (9780552145428, 8);
insert into book_categories (ISBN, category_id) values (9780553384117, 14);
insert into book_categories (ISBN, category_id) values (9780571242929, 18);
insert into book_categories (ISBN, category_id) values (9780575087057, 18);
insert into book_categories (ISBN, category_id) values (9780575090996, 16);
insert into book_categories (ISBN, category_id) values (9780593099322, 3);
insert into book_categories (ISBN, category_id) values (9780593312957, 25);
insert into book_categories (ISBN, category_id) values (9780593350734, 21);
insert into book_categories (ISBN, category_id) values (9780679755333, 22);
insert into book_categories (ISBN, category_id) values (9780679773369, 24);
insert into book_categories (ISBN, category_id) values (9780735211286, 10);
insert into book_categories (ISBN, category_id) values (9780743267808, 2);
insert into book_categories (ISBN, category_id) values (9780743273265, 1);
insert into book_categories (ISBN, category_id) values (9780743273565, 16);
insert into book_categories (ISBN, category_id) values (9780747532743, 12);
insert into book_categories (ISBN, category_id) values (9780747574494, 6);
insert into book_categories (ISBN, category_id) values (9780802145907, 3);
insert into book_categories (ISBN, category_id) values (9780802714636, 10);
insert into book_categories (ISBN, category_id) values (9780804139021, 5);
insert into book_categories (ISBN, category_id) values (9780812988406, 9);
insert into book_categories (ISBN, category_id) values (9781250207209, 18);
insert into book_categories (ISBN, category_id) values (9781250237231, 12);
insert into book_categories (ISBN, category_id) values (9781250272814, 25);
insert into book_categories (ISBN, category_id) values (9781250622083, 2);
insert into book_categories (ISBN, category_id) values (9781250772809, 1);
insert into book_categories (ISBN, category_id) values (9781400033416, 16);
insert into book_categories (ISBN, category_id) values (9781400033423, 7);
insert into book_categories (ISBN, category_id) values (9781400067826, 7);
insert into book_categories (ISBN, category_id) values (9781400067944, 17);
insert into book_categories (ISBN, category_id) values (9781400079988, 17);
insert into book_categories (ISBN, category_id) values (9781455586691, 19);
insert into book_categories (ISBN, category_id) values (9781472154668, 7);
insert into book_categories (ISBN, category_id) values (9781476746586, 10);
insert into book_categories (ISBN, category_id) values (9781501129042, 12);
insert into book_categories (ISBN, category_id) values (9781501132872, 1);
insert into book_categories (ISBN, category_id) values (9781501173219, 16);
insert into book_categories (ISBN, category_id) values (9781501173229, 20);
insert into book_categories (ISBN, category_id) values (9781524714780, 8);
insert into book_categories (ISBN, category_id) values (9781538717487, 17);
insert into book_categories (ISBN, category_id) values (9781555976903, 18);
insert into book_categories (ISBN, category_id) values (9781591847626, 11);
insert into book_categories (ISBN, category_id) values (1234567890, 1);
insert into book_categories (ISBN, category_id) values (9814563278, 10);
insert into book_categories (ISBN, category_id) values (9876543210, 24);
insert into book_categories (ISBN, category_id) values (9780060549701, 17);
insert into book_categories (ISBN, category_id) values (9780061120084, 3);
insert into book_categories (ISBN, category_id) values (9780061122415, 3);
insert into book_categories (ISBN, category_id) values (9780061728970, 11);
insert into book_categories (ISBN, category_id) values (9780062073488, 16);
insert into book_categories (ISBN, category_id) values (9780062413620, 25);
insert into book_categories (ISBN, category_id) values (9780062427134, 20);
insert into book_categories (ISBN, category_id) values (9780062870524, 7);
insert into book_categories (ISBN, category_id) values (9780062912568, 21);
insert into book_categories (ISBN, category_id) values (9780140447936, 10);
insert into book_categories (ISBN, category_id) values (9780140449086, 2);
insert into book_categories (ISBN, category_id) values (9780141187761, 9);
insert into book_categories (ISBN, category_id) values (9780143036531, 17);
insert into book_categories (ISBN, category_id) values (9780307387159, 4);
insert into book_categories (ISBN, category_id) values (9780316017830, 1);

INSERT INTO book_reviews (ISBN, username, comment, rating) VALUES
(9780743212005, 'ava_hill', 'hahaha auto einai mia troll review', 1),
(9780143134311, 'samantha_harris', 'the worst book ive ever read', 1),
(9780316013697, 'hannah_cook', 'lol poly asteio to bibliaraki', 3),
(9780525534969, 'ethan_morgan', 'EXCELLENT', 4),
(9781593275990, 'abigail_nelson', 'NOOOOOO apogoiteutika!', 2),
(9780525534969, 'olivia_white', 'To biblio htan sa ton kafe moy... metrio', 3),
(9780593312957, 'lisa_taylor', 'katalathos', 5),
(9780142437200, 'natalie_thomas', 'den kserw giati daneistika elliniko biblio enw eimai apo to cameroon', 2),
(9780593318171, 'victoria_martinez', '3 kai poly toy einai.. apla eniwtha kala', 3),
(9780452284234, 'ryan_bell', 'De tha to proteina, exei polla skinika bias kai sexoualikou periexomenoy!!!!1', 2);

insert into book_reviews (ISBN, username, comment, rating) values (9780525520381, 'abreffitq', 'To biblio einai poly kalo to proteinw anepifylakta! Apla to mesaio meros ekane ligo koilia...', 4.1);
insert into book_reviews (ISBN, username, comment, rating) values (9780575090996, 'bedgar1s', 'To barethika stis prwtes 70 selides, ama thelete kati synarpastiko psakste kati allo', 2.5);
insert into book_reviews (ISBN, username, comment, rating) values (9780345806401, 'frodwellt', 'Einai ok gia na peraseis thn wra sou alla mexri ekei.. den me enthousiase tipota alla htan komple', 3.2);
insert into book_reviews (ISBN, username, comment, rating) values (9781400079988, 'gcrammyx', 'Ekei pou maresei full mexri tis teleutaies selides.. diabasa to telos. Apaisio telos alla aksizei na to diabasete mexri ekei, pragmatika krima', 3.4);
insert into book_reviews (ISBN, username, comment, rating) values (9780525564019, 'ctwatt1r', 'Synarpastikotato biblio! Se krataei se agwnia mexri to telos kai se dikaiwnei, daneisteite to xthes apo auti tin yperoxi bibliothiki!', 4.5);
insert into book_reviews (ISBN, username, comment, rating) values (9780385543781, 'predwing1l', 'O prwtagwnisths pethainei sto telos', 1.2);
insert into book_reviews (ISBN, username, comment, rating) values (9780593099322, 'rdemeza1m', 'Tha itan to teleio biblio an den ypirxe autos o spastikos xaraktiras, kata ta alla einai ena decent bibliaraki (btw mprabo stous dimiourgous tis istoselidas einai h kalyterh poy exw dei pote sth zwh mou)', 4.1);


INSERT INTO authors (author_name) VALUES
('George Orwell'),
('Yuval Noah Harari'),
('Ian Goodfellow'),
('Yoshua Bengio'),
('Aaron Courville'),
('J.D. Salinger'),
('James Baldwin'),
('Tara Westover'),
('Jordan B. Peterson'),
('Ernest Cline'),
('Jon Krakauer'),
('Andrew Hunt'),
('David Thomas'),
('John Smith'),
('Jane Doe'),
('Michael Johnson'),
('Emily Brown'),
('David Wilson'),
('Sarah Thompson'),
('Robert Davis'),
('Jennifer Lee'),
('William Anderson'),
('Jessica Turner'),
('Daniel Moore'),
('Olivia Green'),
('Christopher Hall'),
('Sophia Clark'),
('Andrew Martin');

insert into authors (author_name) values ('Nadeen Jayume');
insert into authors (author_name) values ('Noami Ennion');
insert into authors (author_name) values ('Orson Raymont');
insert into authors (author_name) values ('Ruthann Epelett');
insert into authors (author_name) values ('Billye Coton');
insert into authors (author_name) values ('Vivianna Lethcoe');
insert into authors (author_name) values ('Roi Tailby');
insert into authors (author_name) values ('Tedie Ide');
insert into authors (author_name) values ('Berny Waplinton');
insert into authors (author_name) values ('Kermie O''Brian');
insert into authors (author_name) values ('Sheilakathryn Iacomi');
insert into authors (author_name) values ('Stanleigh Daal');
insert into authors (author_name) values ('Drusi Gilliam');
insert into authors (author_name) values ('Kirsti Burlingame');
insert into authors (author_name) values ('Marta Drejer');
insert into authors (author_name) values ('Allegra MacTerlagh');
insert into authors (author_name) values ('Nicole Eyden');
insert into authors (author_name) values ('Brinna Shakesby');
insert into authors (author_name) values ('Brier Waylen');
insert into authors (author_name) values ('Fania Pattemore');
insert into authors (author_name) values ('Fiann Ryburn');
insert into authors (author_name) values ('Hiram Tattersfield');
insert into authors (author_name) values ('Vyky Garford');
insert into authors (author_name) values ('Kelsy Cozens');
insert into authors (author_name) values ('Grace Espy');
insert into authors (author_name) values ('Theressa Ivel');
insert into authors (author_name) values ('Anna Rosnau');
insert into authors (author_name) values ('Britney Heino');
insert into authors (author_name) values ('Allx Kavanagh');
insert into authors (author_name) values ('Thibaud Corrigan');
insert into authors (author_name) values ('Kerry Diviney');
insert into authors (author_name) values ('Ceil Barke');
insert into authors (author_name) values ('Denis Scatcher');
insert into authors (author_name) values ('Lise Boylund');
insert into authors (author_name) values ('Kort Yitshak');
insert into authors (author_name) values ('Ebba Espino');
insert into authors (author_name) values ('Rosalia Schriren');
insert into authors (author_name) values ('Robin O''Hara');
insert into authors (author_name) values ('Petrina Cassedy');
insert into authors (author_name) values ('Dania Impett');
insert into authors (author_name) values ('Andrea Tolomei');
insert into authors (author_name) values ('Elyn Roj');
insert into authors (author_name) values ('Broddy Mantha');
insert into authors (author_name) values ('Moses Verdun');
insert into authors (author_name) values ('Robb Pim');
insert into authors (author_name) values ('Edeline Maiklem');
insert into authors (author_name) values ('Laraine Lucey');
insert into authors (author_name) values ('Christoper Kunzel');
insert into authors (author_name) values ('Camala Duthy');
insert into authors (author_name) values ('Erv Gentiry');
insert into authors (author_name) values ('Abagail Bramhall');
insert into authors (author_name) values ('Dante Kitson');
insert into authors (author_name) values ('Daffie Fellnee');
insert into authors (author_name) values ('Claudelle Thying');
insert into authors (author_name) values ('Sada Ruler');
insert into authors (author_name) values ('Janice O''Sheeryne');
insert into authors (author_name) values ('Glori Side');
insert into authors (author_name) values ('Isabel MacDuff');
insert into authors (author_name) values ('Garner Tison');
insert into authors (author_name) values ('Tucky Kestell');
insert into authors (author_name) values ('Athene Jeske');
insert into authors (author_name) values ('Hewet Sunnex');
insert into authors (author_name) values ('Yankee Cruikshanks');
insert into authors (author_name) values ('Paule Teather');
insert into authors (author_name) values ('Lavena Eastway');
insert into authors (author_name) values ('Nanni Patinkin');
insert into authors (author_name) values ('Arnaldo Ealam');
insert into authors (author_name) values ('Meaghan Hubeaux');
insert into authors (author_name) values ('Gaby MacCoughan');
insert into authors (author_name) values ('Oberon Ossipenko');
insert into authors (author_name) values ('Goldy Simmonds');
insert into authors (author_name) values ('Norris Kyrkeman');
insert into authors (author_name) values ('Westley Purkins');
insert into authors (author_name) values ('Patrice Kuzma');
insert into authors (author_name) values ('Janek Driscoll');
insert into authors (author_name) values ('Shelley Moreing');
insert into authors (author_name) values ('Chucho Denny');
insert into authors (author_name) values ('Ernie Mell');
insert into authors (author_name) values ('Brenna Pusey');
insert into authors (author_name) values ('Meredeth Coulthard');
insert into authors (author_name) values ('Maxim Willcox');
insert into authors (author_name) values ('Dolley Baylay');
insert into authors (author_name) values ('Kori Tillyer');
insert into authors (author_name) values ('Delila Vaune');
insert into authors (author_name) values ('Fanni Maddinon');
insert into authors (author_name) values ('Sherm Mullinger');
insert into authors (author_name) values ('Frankie Killock');
insert into authors (author_name) values ('Paco Klimowski');
insert into authors (author_name) values ('Filberto Hosten');
insert into authors (author_name) values ('Opal Hewell');
insert into authors (author_name) values ('Bradan Lyvon');
insert into authors (author_name) values ('Alayne Wakerley');
insert into authors (author_name) values ('Talyah Whellans');
insert into authors (author_name) values ('Gavan Cabedo');
insert into authors (author_name) values ('Allard O''Brogane');
insert into authors (author_name) values ('Easter Gorner');
insert into authors (author_name) values ('Netti Maben');
insert into authors (author_name) values ('Garik Pichmann');
insert into authors (author_name) values ('Rick Niche');
insert into authors (author_name) values ('Terra Klebes');
insert into authors (author_name) values ('Steffie Janjusevic');
insert into authors (author_name) values ('Winny Whittet');
insert into authors (author_name) values ('Andrea Plott');
insert into authors (author_name) values ('Cthrine Lattimer');
insert into authors (author_name) values ('Willie Claybourne');
insert into authors (author_name) values ('Alvera Banfill');
insert into authors (author_name) values ('Lizbeth Clausner');
insert into authors (author_name) values ('Even Lowdiane');
insert into authors (author_name) values ('Naomi Beare');
insert into authors (author_name) values ('Pebrook Chadburn');
insert into authors (author_name) values ('Marc Twiname');
insert into authors (author_name) values ('Sam Skynner');
insert into authors (author_name) values ('Emilio Gerwood');
insert into authors (author_name) values ('Hyacintha Lehon');
insert into authors (author_name) values ('Charmion Ball');
insert into authors (author_name) values ('Marlin Hillen');
insert into authors (author_name) values ('Fleming Mercey');
insert into authors (author_name) values ('Olenka MacDearmid');
insert into authors (author_name) values ('Joyce Gentle');
insert into authors (author_name) values ('Odille Nodes');
insert into authors (author_name) values ('Tobie Lody');
insert into authors (author_name) values ('Thorpe Measor');
insert into authors (author_name) values ('Gayle Skaife d''Ingerthorpe');
insert into authors (author_name) values ('Lola Pollendine');
insert into authors (author_name) values ('Sayers Ullyatt');
insert into authors (author_name) values ('Cole Hantusch');
insert into authors (author_name) values ('Patience McCombe');
insert into authors (author_name) values ('Jilly Vandrill');
insert into authors (author_name) values ('Junette Kehir');
insert into authors (author_name) values ('Theresina Jauncey');
insert into authors (author_name) values ('Darwin Dat');
insert into authors (author_name) values ('Parnell Waulker');
insert into authors (author_name) values ('Randie Beers');
insert into authors (author_name) values ('Isak Georgins');
insert into authors (author_name) values ('Janette Crapper');
insert into authors (author_name) values ('Diana Ector');
insert into authors (author_name) values ('Emmy Mokes');
insert into authors (author_name) values ('Xena Halbeard');
insert into authors (author_name) values ('Arnie Issatt');
insert into authors (author_name) values ('Rossy Hyndman');
insert into authors (author_name) values ('Basil Batchelor');
insert into authors (author_name) values ('Bernelle Petruk');
insert into authors (author_name) values ('Dall Binnion');
insert into authors (author_name) values ('Anny Baumford');
insert into authors (author_name) values ('Otis Anster');
insert into authors (author_name) values ('Candy Robbert');
insert into authors (author_name) values ('Wadsworth Westwood');
insert into authors (author_name) values ('Barney Prickett');
insert into authors (author_name) values ('Griswold Rodda');
insert into authors (author_name) values ('Cale Gallego');
insert into authors (author_name) values ('Chiquita Happel');
insert into authors (author_name) values ('Vasili Valder');
insert into authors (author_name) values ('Serene Bradtke');
insert into authors (author_name) values ('Dar MacDowal');
insert into authors (author_name) values ('Zsa zsa Schollar');
insert into authors (author_name) values ('Yvon Sans');
insert into authors (author_name) values ('Sylvester Barnet');
insert into authors (author_name) values ('Heath Hawtin');
insert into authors (author_name) values ('Brook Ramelet');
insert into authors (author_name) values ('Ximenez Lever');
insert into authors (author_name) values ('Shandra Darko');
insert into authors (author_name) values ('Dedie Pariso');
insert into authors (author_name) values ('Corrie Le Noury');
insert into authors (author_name) values ('Aaron Duplock');
insert into authors (author_name) values ('Rae Paramore');
insert into authors (author_name) values ('Ulrica Hunnicutt');
insert into authors (author_name) values ('Dulsea MacDermot');
insert into authors (author_name) values ('Rancell Aicheson');
insert into authors (author_name) values ('Portie Woodbridge');
insert into authors (author_name) values ('Noam Viccars');
insert into authors (author_name) values ('Ulrike Tournie');
insert into authors (author_name) values ('Levon Alenov');
insert into authors (author_name) values ('Gizela Alekseev');
insert into authors (author_name) values ('Durante McDugal');
insert into authors (author_name) values ('Esme Dulwich');
insert into authors (author_name) values ('Timotheus Kinsell');
insert into authors (author_name) values ('Dacie Berrick');
insert into authors (author_name) values ('Pablo Bottlestone');
insert into authors (author_name) values ('Phillip M''Chirrie');
insert into authors (author_name) values ('Eb Kitteridge');
insert into authors (author_name) values ('Maximilianus Dailey');
insert into authors (author_name) values ('Dorene Swynfen');
insert into authors (author_name) values ('Idelle Woodroff');
insert into authors (author_name) values ('Bartel Arbor');
insert into authors (author_name) values ('Bil Vurley');
insert into authors (author_name) values ('Dannie Barthorpe');
insert into authors (author_name) values ('Pauly Piggrem');
insert into authors (author_name) values ('Nicola Mulder');
insert into authors (author_name) values ('Isobel McRorie');
insert into authors (author_name) values ('Britte Lufkin');
insert into authors (author_name) values ('Lorette Flaherty');
insert into authors (author_name) values ('Inessa Brooksbank');
insert into authors (author_name) values ('Esmeralda Dericot');
insert into authors (author_name) values ('Lianna Zannetti');
insert into authors (author_name) values ('Sheridan Martino');
insert into authors (author_name) values ('Carroll Damato');
insert into authors (author_name) values ('Glory Bannester');
insert into authors (author_name) values ('Johanna Chaters');
insert into authors (author_name) values ('Rube Christoforou');
insert into authors (author_name) values ('Goldie Fort');
insert into authors (author_name) values ('Ernestine Muehle');
insert into authors (author_name) values ('Ambrosius Burman');
insert into authors (author_name) values ('Pammy Koubu');
insert into authors (author_name) values ('Keely Sketh');
insert into authors (author_name) values ('Kim Lamont');
insert into authors (author_name) values ('Palm Leavy');
insert into authors (author_name) values ('Darrel Thome');
insert into authors (author_name) values ('Ban Gatland');
insert into authors (author_name) values ('Porty Fragino');
insert into authors (author_name) values ('Giusto Brophy');
insert into authors (author_name) values ('Meyer Redsell');
insert into authors (author_name) values ('Artie Pigdon');
insert into authors (author_name) values ('Avis Conville');
insert into authors (author_name) values ('Lesli Cooley');
insert into authors (author_name) values ('Emili Tann');
insert into authors (author_name) values ('Ag Carleman');
insert into authors (author_name) values ('Sybyl Riccardelli');
insert into authors (author_name) values ('Rem Hegerty');
insert into authors (author_name) values ('Weylin Edginton');
insert into authors (author_name) values ('Hank Barkshire');
insert into authors (author_name) values ('Corey Wolfart');
insert into authors (author_name) values ('Ellie Klamp');
insert into authors (author_name) values ('Sanson Creegan');
insert into authors (author_name) values ('Dion Pfaff');
insert into authors (author_name) values ('Niall Castane');
insert into authors (author_name) values ('Jeffie Romayne');
insert into authors (author_name) values ('Wait Leverton');
insert into authors (author_name) values ('Ellynn Gue');
insert into authors (author_name) values ('Tom Tyhurst');
insert into authors (author_name) values ('Danna Wapol');
insert into authors (author_name) values ('Karlen Brosi');
insert into authors (author_name) values ('Jeanne Spratt');
insert into authors (author_name) values ('Judi Purse');
insert into authors (author_name) values ('Cecilla Leveritt');
insert into authors (author_name) values ('Lizette Odom');
insert into authors (author_name) values ('Elijah Isacsson');
insert into authors (author_name) values ('Wendall MacCaffrey');
insert into authors (author_name) values ('Brittni Cavet');
insert into authors (author_name) values ('Hilary Sprull');
insert into authors (author_name) values ('Sinclair Seelbach');
insert into authors (author_name) values ('Dionne Ludovici');
insert into authors (author_name) values ('Flossy Gwin');
insert into authors (author_name) values ('Gordan Whorall');
insert into authors (author_name) values ('Sashenka Pranger');
insert into authors (author_name) values ('Silvanus Polding');
insert into authors (author_name) values ('Alis Cartmer');
insert into authors (author_name) values ('Tailor Winstanley');
insert into authors (author_name) values ('Ealasaid Donoher');
insert into authors (author_name) values ('Ronda Eagleston');
insert into authors (author_name) values ('Gene Worsnap');
insert into authors (author_name) values ('Reina Lansley');
insert into authors (author_name) values ('Madlen Aspinal');
insert into authors (author_name) values ('Bren Beer');
insert into authors (author_name) values ('Corry Norvill');
insert into authors (author_name) values ('Gerta Francklyn');
insert into authors (author_name) values ('Myrlene Maceur');
insert into authors (author_name) values ('Alaster Yurivtsev');
insert into authors (author_name) values ('Adelaida Kabsch');
insert into authors (author_name) values ('Alfreda Livezley');
insert into authors (author_name) values ('Duke Ecob');
insert into authors (author_name) values ('Xymenes Duthie');
insert into authors (author_name) values ('Leonelle Cardall');
insert into authors (author_name) values ('Philis McKeating');
insert into authors (author_name) values ('Haley Ferriere');
insert into authors (author_name) values ('Elisha Stucke');
insert into authors (author_name) values ('Nevil Goldthorp');
insert into authors (author_name) values ('Valle Brundle');
insert into authors (author_name) values ('Knox Deguara');
insert into authors (author_name) values ('Pauletta Morbey');
insert into authors (author_name) values ('Darrel Stollhofer');


INSERT INTO book_authors (ISBN, author_id) VALUES
(9780142437200, 1),
(9780143134311, 2),
(9780262539195, 3),
(9780316013697, 4),
(9780452284234, 5),
(9780525534969, 6),
(9780593312957, 7),
(9780593318171, 8),
(9780743212005, 9),
(9781593275990, 10),
(9780142437200, 11),
(9780142437200, 12),
(9780143134311, 13),
(9780262539195, 14),
(9780262539195, 15),
(9780316013697, 16),
(9780452284234, 17),
(9780525534969, 18),
(9780525534969, 19),
(9780593312957, 20),
(9780593318171, 21),
(9780743212005, 22),
(9780743212005, 11),
(9781593275990, 12),
(9781593275990, 13),
(9781593275990, 14);

insert into book_authors (ISBN, author_id) values (1234567890, 29);
insert into book_authors (ISBN, author_id) values (9814563278, 30);
insert into book_authors (ISBN, author_id) values (9876543210, 31);
insert into book_authors (ISBN, author_id) values (9780060549701, 32);
insert into book_authors (ISBN, author_id) values (9780061120084, 33);
insert into book_authors (ISBN, author_id) values (9780061122415, 34);
insert into book_authors (ISBN, author_id) values (9780061728970, 35);
insert into book_authors (ISBN, author_id) values (9780062073488, 36);
insert into book_authors (ISBN, author_id) values (9780062413620, 37);
insert into book_authors (ISBN, author_id) values (9780062427134, 38);
insert into book_authors (ISBN, author_id) values (9780062870524, 39);
insert into book_authors (ISBN, author_id) values (9780062912568, 40);
insert into book_authors (ISBN, author_id) values (9780140447936, 41);
insert into book_authors (ISBN, author_id) values (9780140449086, 42);
insert into book_authors (ISBN, author_id) values (9780141187761, 43);
insert into book_authors (ISBN, author_id) values (9780143036531, 44);
insert into book_authors (ISBN, author_id) values (9780307387159, 45);
insert into book_authors (ISBN, author_id) values (9780316017830, 46);
insert into book_authors (ISBN, author_id) values (9780316017930, 47);
insert into book_authors (ISBN, author_id) values (9780316074239, 48);
insert into book_authors (ISBN, author_id) values (9780316601950, 49);
insert into book_authors (ISBN, author_id) values (9780345370771, 50);
insert into book_authors (ISBN, author_id) values (9780345391803, 51);
insert into book_authors (ISBN, author_id) values (9780345538376, 52);
insert into book_authors (ISBN, author_id) values (9780345803481, 53);
insert into book_authors (ISBN, author_id) values (9780345806401, 54);
insert into book_authors (ISBN, author_id) values (9780374308068, 55);
insert into book_authors (ISBN, author_id) values (9780375714832, 56);
insert into book_authors (ISBN, author_id) values (9780385346996, 57);
insert into book_authors (ISBN, author_id) values (9780385490818, 58);
insert into book_authors (ISBN, author_id) values (9780385517255, 59);
insert into book_authors (ISBN, author_id) values (9780385536073, 60);
insert into book_authors (ISBN, author_id) values (9780385543781, 61);
insert into book_authors (ISBN, author_id) values (9780393328010, 62);
insert into book_authors (ISBN, author_id) values (9780393356687, 63);
insert into book_authors (ISBN, author_id) values (9780399590613, 64);
insert into book_authors (ISBN, author_id) values (9780439139601, 65);
insert into book_authors (ISBN, author_id) values (9780449221431, 66);
insert into book_authors (ISBN, author_id) values (9780451233497, 67);
insert into book_authors (ISBN, author_id) values (9780451476169, 68);
insert into book_authors (ISBN, author_id) values (9780521642586, 69);
insert into book_authors (ISBN, author_id) values (9780525436147, 70);
insert into book_authors (ISBN, author_id) values (9780525475064, 71);
insert into book_authors (ISBN, author_id) values (9780525520381, 72);
insert into book_authors (ISBN, author_id) values (9780525534967, 73);
insert into book_authors (ISBN, author_id) values (9780525536291, 74);
insert into book_authors (ISBN, author_id) values (9780525555360, 75);
insert into book_authors (ISBN, author_id) values (9780525564019, 76);
insert into book_authors (ISBN, author_id) values (9780525565085, 77);
insert into book_authors (ISBN, author_id) values (9780525568820, 78);
insert into book_authors (ISBN, author_id) values (9780552145428, 79);
insert into book_authors (ISBN, author_id) values (9780553384117, 80);
insert into book_authors (ISBN, author_id) values (9780571242929, 81);
insert into book_authors (ISBN, author_id) values (9780575087057, 82);
insert into book_authors (ISBN, author_id) values (9780575090996, 83);
insert into book_authors (ISBN, author_id) values (9780593099322, 84);
insert into book_authors (ISBN, author_id) values (9780593312957, 85);
insert into book_authors (ISBN, author_id) values (9780593350734, 86);
insert into book_authors (ISBN, author_id) values (9780679755333, 87);
insert into book_authors (ISBN, author_id) values (9780679773369, 88);
insert into book_authors (ISBN, author_id) values (9780735211286, 89);
insert into book_authors (ISBN, author_id) values (9780743267808, 90);
insert into book_authors (ISBN, author_id) values (9780743273265, 91);
insert into book_authors (ISBN, author_id) values (9780743273565, 92);
insert into book_authors (ISBN, author_id) values (9780747532743, 93);
insert into book_authors (ISBN, author_id) values (9780747574494, 94);
insert into book_authors (ISBN, author_id) values (9780802145907, 95);
insert into book_authors (ISBN, author_id) values (9780802714636, 96);
insert into book_authors (ISBN, author_id) values (9780804139021, 97);
insert into book_authors (ISBN, author_id) values (9780812988406, 98);
insert into book_authors (ISBN, author_id) values (9781250207209, 99);
insert into book_authors (ISBN, author_id) values (9781250237231, 100);
insert into book_authors (ISBN, author_id) values (9781250272814, 101);
insert into book_authors (ISBN, author_id) values (9781250622083, 102);
insert into book_authors (ISBN, author_id) values (9781250772809, 103);
insert into book_authors (ISBN, author_id) values (9781400033416, 104);
insert into book_authors (ISBN, author_id) values (9781400033423, 105);
insert into book_authors (ISBN, author_id) values (9781400067826, 106);
insert into book_authors (ISBN, author_id) values (9781400067944, 107);
insert into book_authors (ISBN, author_id) values (9781400079988, 108);
insert into book_authors (ISBN, author_id) values (9781455586691, 109);
insert into book_authors (ISBN, author_id) values (9781472154668, 110);
insert into book_authors (ISBN, author_id) values (9781476746586, 111);
insert into book_authors (ISBN, author_id) values (9781501129042, 112);
insert into book_authors (ISBN, author_id) values (9781501132872, 113);
insert into book_authors (ISBN, author_id) values (9781501173219, 114);
insert into book_authors (ISBN, author_id) values (9781501173229, 115);
insert into book_authors (ISBN, author_id) values (9781524714780, 116);
insert into book_authors (ISBN, author_id) values (9781538717487, 117);
insert into book_authors (ISBN, author_id) values (9781555976903, 118);
insert into book_authors (ISBN, author_id) values (9781591847626, 119);
insert into book_authors (ISBN, author_id) values (1234567890, 120);
insert into book_authors (ISBN, author_id) values (9814563278, 121);
insert into book_authors (ISBN, author_id) values (9876543210, 122);
insert into book_authors (ISBN, author_id) values (9780060549701, 123);
insert into book_authors (ISBN, author_id) values (9780061120084, 124);
insert into book_authors (ISBN, author_id) values (9780061122415, 125);
insert into book_authors (ISBN, author_id) values (9780061728970, 126);
insert into book_authors (ISBN, author_id) values (9780062073488, 127);
insert into book_authors (ISBN, author_id) values (9780062413620, 128);
insert into book_authors (ISBN, author_id) values (9780062427134, 129);
insert into book_authors (ISBN, author_id) values (9780062870524, 130);
insert into book_authors (ISBN, author_id) values (9780062912568, 131);
insert into book_authors (ISBN, author_id) values (9780140447936, 132);
insert into book_authors (ISBN, author_id) values (9780140449086, 133);
insert into book_authors (ISBN, author_id) values (9780141187761, 134);
insert into book_authors (ISBN, author_id) values (9780143036531, 135);
insert into book_authors (ISBN, author_id) values (9780307387159, 136);
insert into book_authors (ISBN, author_id) values (9780316017830, 137);
insert into book_authors (ISBN, author_id) values (9780316017930, 138);
insert into book_authors (ISBN, author_id) values (9780316074239, 139);
insert into book_authors (ISBN, author_id) values (9780316601950, 140);
insert into book_authors (ISBN, author_id) values (9780345370771, 141);
insert into book_authors (ISBN, author_id) values (9780345391803, 142);
insert into book_authors (ISBN, author_id) values (9780345538376, 143);
insert into book_authors (ISBN, author_id) values (9780345803481, 144);
insert into book_authors (ISBN, author_id) values (9780345806401, 145);
insert into book_authors (ISBN, author_id) values (9780374308068, 146);
insert into book_authors (ISBN, author_id) values (9780375714832, 147);
insert into book_authors (ISBN, author_id) values (9780385346996, 148);
insert into book_authors (ISBN, author_id) values (9780385490818, 149);
insert into book_authors (ISBN, author_id) values (9780385517255, 150);
insert into book_authors (ISBN, author_id) values (9780385536073, 151);
insert into book_authors (ISBN, author_id) values (9780385543781, 152);
insert into book_authors (ISBN, author_id) values (9780393328010, 153);
insert into book_authors (ISBN, author_id) values (9780393356687, 154);
insert into book_authors (ISBN, author_id) values (9780399590613, 155);
insert into book_authors (ISBN, author_id) values (9780439139601, 156);
insert into book_authors (ISBN, author_id) values (9780449221431, 157);
insert into book_authors (ISBN, author_id) values (9780451233497, 158);
insert into book_authors (ISBN, author_id) values (9780451476169, 159);
insert into book_authors (ISBN, author_id) values (9780521642586, 160);
insert into book_authors (ISBN, author_id) values (9780525436147, 161);
insert into book_authors (ISBN, author_id) values (9780525475064, 162);
insert into book_authors (ISBN, author_id) values (9780525520381, 163);
insert into book_authors (ISBN, author_id) values (9780525534967, 164);
insert into book_authors (ISBN, author_id) values (9780525536291, 165);
insert into book_authors (ISBN, author_id) values (9780525555360, 166);
insert into book_authors (ISBN, author_id) values (9780525564019, 167);
insert into book_authors (ISBN, author_id) values (9780525565085, 168);
insert into book_authors (ISBN, author_id) values (9780525568820, 169);
insert into book_authors (ISBN, author_id) values (9780552145428, 170);
insert into book_authors (ISBN, author_id) values (9780553384117, 171);
insert into book_authors (ISBN, author_id) values (9780571242929, 172);
insert into book_authors (ISBN, author_id) values (9780575087057, 173);
insert into book_authors (ISBN, author_id) values (9780575090996, 174);
insert into book_authors (ISBN, author_id) values (9780593099322, 175);
insert into book_authors (ISBN, author_id) values (9780593312957, 176);
insert into book_authors (ISBN, author_id) values (9780593350734, 177);
insert into book_authors (ISBN, author_id) values (9780679755333, 178);
insert into book_authors (ISBN, author_id) values (9780679773369, 179);
insert into book_authors (ISBN, author_id) values (9780735211286, 180);
insert into book_authors (ISBN, author_id) values (9780743267808, 181);
insert into book_authors (ISBN, author_id) values (9780743273265, 182);
insert into book_authors (ISBN, author_id) values (9780743273565, 183);
insert into book_authors (ISBN, author_id) values (9780747532743, 184);
insert into book_authors (ISBN, author_id) values (9780747574494, 185);
insert into book_authors (ISBN, author_id) values (9780802145907, 186);
insert into book_authors (ISBN, author_id) values (9780802714636, 187);
insert into book_authors (ISBN, author_id) values (9780804139021, 188);
insert into book_authors (ISBN, author_id) values (9780812988406, 189);
insert into book_authors (ISBN, author_id) values (9781250207209, 190);
insert into book_authors (ISBN, author_id) values (9781250237231, 191);
insert into book_authors (ISBN, author_id) values (9781250272814, 192);
insert into book_authors (ISBN, author_id) values (9781250622083, 193);
insert into book_authors (ISBN, author_id) values (9781250772809, 194);
insert into book_authors (ISBN, author_id) values (9781400033416, 195);
insert into book_authors (ISBN, author_id) values (9781400033423, 196);
insert into book_authors (ISBN, author_id) values (9781400067826, 197);
insert into book_authors (ISBN, author_id) values (9781400067944, 198);
insert into book_authors (ISBN, author_id) values (9781400079988, 199);
insert into book_authors (ISBN, author_id) values (9781455586691, 200);
insert into book_authors (ISBN, author_id) values (9781472154668, 201);
insert into book_authors (ISBN, author_id) values (9781476746586, 202);
insert into book_authors (ISBN, author_id) values (9781501129042, 203);
insert into book_authors (ISBN, author_id) values (9781501132872, 204);
insert into book_authors (ISBN, author_id) values (9781501173219, 205);
insert into book_authors (ISBN, author_id) values (9781501173229, 206);
insert into book_authors (ISBN, author_id) values (9781524714780, 207);
insert into book_authors (ISBN, author_id) values (9781538717487, 208);
insert into book_authors (ISBN, author_id) values (9781555976903, 209);
insert into book_authors (ISBN, author_id) values (9781591847626, 210);
insert into book_authors (ISBN, author_id) values (1234567890, 211);
insert into book_authors (ISBN, author_id) values (9814563278, 212);
insert into book_authors (ISBN, author_id) values (9876543210, 213);
insert into book_authors (ISBN, author_id) values (9780060549701, 214);
insert into book_authors (ISBN, author_id) values (9780061120084, 215);
insert into book_authors (ISBN, author_id) values (9780061122415, 216);
insert into book_authors (ISBN, author_id) values (9780061728970, 217);
insert into book_authors (ISBN, author_id) values (9780062073488, 218);
insert into book_authors (ISBN, author_id) values (9780062413620, 219);
insert into book_authors (ISBN, author_id) values (9780062427134, 220);
insert into book_authors (ISBN, author_id) values (9780062870524, 221);
insert into book_authors (ISBN, author_id) values (9780062912568, 222);
insert into book_authors (ISBN, author_id) values (9780140447936, 223);
insert into book_authors (ISBN, author_id) values (9780140449086, 224);
insert into book_authors (ISBN, author_id) values (9780141187761, 225);
insert into book_authors (ISBN, author_id) values (9780143036531, 226);
insert into book_authors (ISBN, author_id) values (9780307387159, 227);
insert into book_authors (ISBN, author_id) values (9780316017830, 228);
insert into book_authors (ISBN, author_id) values (9780316017930, 229);
insert into book_authors (ISBN, author_id) values (9780316074239, 230);
insert into book_authors (ISBN, author_id) values (9780316601950, 231);
insert into book_authors (ISBN, author_id) values (9780345370771, 232);
insert into book_authors (ISBN, author_id) values (9780345391803, 233);
insert into book_authors (ISBN, author_id) values (9780345538376, 234);
insert into book_authors (ISBN, author_id) values (9780345803481, 235);
insert into book_authors (ISBN, author_id) values (9780345806401, 236);
insert into book_authors (ISBN, author_id) values (9780374308068, 237);
insert into book_authors (ISBN, author_id) values (9780375714832, 238);
insert into book_authors (ISBN, author_id) values (9780385346996, 239);
insert into book_authors (ISBN, author_id) values (9780385490818, 240);
insert into book_authors (ISBN, author_id) values (9780385517255, 241);
insert into book_authors (ISBN, author_id) values (9780385536073, 242);
insert into book_authors (ISBN, author_id) values (9780385543781, 243);
insert into book_authors (ISBN, author_id) values (9780393328010, 244);
insert into book_authors (ISBN, author_id) values (9780393356687, 245);
insert into book_authors (ISBN, author_id) values (9780399590613, 246);
insert into book_authors (ISBN, author_id) values (9780439139601, 247);
insert into book_authors (ISBN, author_id) values (9780449221431, 248);
insert into book_authors (ISBN, author_id) values (9780451233497, 249);
insert into book_authors (ISBN, author_id) values (9780451476169, 250);
insert into book_authors (ISBN, author_id) values (9780521642586, 251);
insert into book_authors (ISBN, author_id) values (9780525436147, 252);
insert into book_authors (ISBN, author_id) values (9780525475064, 253);
insert into book_authors (ISBN, author_id) values (9780525520381, 254);
insert into book_authors (ISBN, author_id) values (9780525534967, 255);
insert into book_authors (ISBN, author_id) values (9780525536291, 256);
insert into book_authors (ISBN, author_id) values (9780525555360, 257);
insert into book_authors (ISBN, author_id) values (9780525564019, 258);
insert into book_authors (ISBN, author_id) values (9780525565085, 259);
insert into book_authors (ISBN, author_id) values (9780525568820, 260);
insert into book_authors (ISBN, author_id) values (9780552145428, 261);
insert into book_authors (ISBN, author_id) values (9780553384117, 262);
insert into book_authors (ISBN, author_id) values (9780571242929, 263);
insert into book_authors (ISBN, author_id) values (9780575087057, 264);
insert into book_authors (ISBN, author_id) values (9780575090996, 265);
insert into book_authors (ISBN, author_id) values (9780593099322, 266);
insert into book_authors (ISBN, author_id) values (9780593312957, 267);
insert into book_authors (ISBN, author_id) values (9780593350734, 268);
insert into book_authors (ISBN, author_id) values (9780679755333, 269);
insert into book_authors (ISBN, author_id) values (9780679773369, 270);
insert into book_authors (ISBN, author_id) values (9780735211286, 271);
insert into book_authors (ISBN, author_id) values (9780743267808, 272);
insert into book_authors (ISBN, author_id) values (9780743273265, 273);
insert into book_authors (ISBN, author_id) values (9780743273565, 274);
insert into book_authors (ISBN, author_id) values (9780747532743, 275);
insert into book_authors (ISBN, author_id) values (9780747574494, 276);
insert into book_authors (ISBN, author_id) values (9780802145907, 277);
insert into book_authors (ISBN, author_id) values (9780802714636, 278);
insert into book_authors (ISBN, author_id) values (9780804139021, 279);
insert into book_authors (ISBN, author_id) values (9780812988406, 280);
insert into book_authors (ISBN, author_id) values (9781250207209, 281);
insert into book_authors (ISBN, author_id) values (9781250237231, 282);
insert into book_authors (ISBN, author_id) values (9781250272814, 283);
insert into book_authors (ISBN, author_id) values (9781250622083, 284);
insert into book_authors (ISBN, author_id) values (9781250772809, 285);
insert into book_authors (ISBN, author_id) values (9781400033416, 286);
insert into book_authors (ISBN, author_id) values (9781400033423, 287);
insert into book_authors (ISBN, author_id) values (9781400067826, 288);
insert into book_authors (ISBN, author_id) values (9781400067944, 289);
insert into book_authors (ISBN, author_id) values (9781400079988, 290);
insert into book_authors (ISBN, author_id) values (9781455586691, 291);
insert into book_authors (ISBN, author_id) values (9781472154668, 292);
insert into book_authors (ISBN, author_id) values (9781476746586, 293);
insert into book_authors (ISBN, author_id) values (9781501129042, 294);
insert into book_authors (ISBN, author_id) values (9781501132872, 295);
insert into book_authors (ISBN, author_id) values (9781501173219, 296);
insert into book_authors (ISBN, author_id) values (9781501173229, 297);
insert into book_authors (ISBN, author_id) values (9781524714780, 298);